timestamp,temperature_c,distance_cm,source
2026-04-22T02:17:00,14.20,-1.00,esp
2026-04-22T02:17:01,14.20,-1.00,esp
2026-04-22T02:17:02,14.20,-1.00,esp
2026-04-22T02:17:03,14.20,-1.00,esp
2026-04-22T02:17:04,14.20,-1.00,esp
2026-04-22T02:17:05,14.20,-1.00,esp
2026-04-22T02:17:06,14.20,-1.00,esp
2026-04-22T02:17:07,14.20,-1.00,esp
2026-04-22T02:17:08,14.20,-1.00,esp
2026-04-22T02:17:09,14.20,-1.00,esp
2026-04-22T02:17:10,14.20,-1.00,esp
2026-04-22T02:17:11,14.20,-1.00,esp
2026-04-22T02:17:12,14.20,-1.00,esp
2026-04-22T02:17:13,14.20,-1.00,esp
2026-04-22T02:17:14,14.20,-1.00,esp
2026-04-22T02:17:15,14.20,-1.00,esp
2026-04-22T02:17:16,14.20,-1.00,esp
2026-04-22T02:17:17,14.20,-1.00,esp
2026-04-22T02:17:18,14.20,-1.00,esp
2026-04-22T02:17:19,14.20,-1.00,esp
2026-04-22T02:17:20,14.20,-1.00,esp
2026-04-22T02:17:21,14.20,-1.00,esp
2026-04-22T02:17:22,14.20,-1.00,esp
2026-04-22T02:17:23,14.20,-1.00,esp
2026-04-22T02:17:24,14.20,-1.00,esp
2026-04-22T02:17:25,14.20,-1.00,esp
2026-04-22T02:17:26,14.20,-1.00,esp
2026-04-22T02:17:27,14.20,-1.00,esp
2026-04-22T02:17:28,14.20,-1.00,esp
2026-04-22T02:17:29,14.20,-1.00,esp
2026-04-22T02:17:30,14.20,-1.00,esp
2026-04-22T02:17:31,14.20,-1.00,esp
2026-04-22T02:17:32,14.20,-1.00,esp
2026-04-22T02:17:33,14.20,-1.00,esp
2026-04-22T02:17:34,14.20,-1.00,esp
2026-04-22T02:17:35,14.20,-1.00,esp
2026-04-22T02:17:36,14.20,-1.00,esp
2026-04-22T02:17:37,14.20,-1.00,esp
2026-04-22T02:17:38,14.20,-1.00,esp
2026-04-22T02:17:39,14.20,-1.00,esp
2026-04-22T02:17:40,14.20,-1.00,esp
2026-04-22T02:17:41,14.20,-1.00,esp
2026-04-22T02:17:42,14.20,-1.00,esp
2026-04-22T02:17:43,14.20,-1.00,esp
2026-04-22T02:17:44,14.20,-1.00,esp
2026-04-22T02:17:45,14.20,-1.00,esp
2026-04-22T02:17:46,14.20,-1.00,esp
2026-04-22T02:17:47,14.20,-1.00,esp
2026-04-22T02:17:48,14.20,-1.00,esp
2026-04-22T02:17:49,14.20,-1.00,esp
2026-04-22T02:17:50,14.20,-1.00,esp
2026-04-22T02:17:51,14.20,-1.00,esp
2026-04-22T02:17:55,14.20,-1.00,esp
2026-04-22T02:17:56,14.20,-1.00,esp
2026-04-22T02:17:57,14.20,-1.00,esp
2026-04-22T02:17:58,14.20,-1.00,esp
2026-04-22T02:17:59,14.20,-1.00,esp
2026-04-22T02:18:00,14.20,-1.00,esp
2026-04-22T02:18:01,14.20,-1.00,esp
2026-04-22T02:18:02,14.20,-1.00,esp
2026-04-22T02:18:03,14.20,-1.00,esp
2026-04-22T02:18:04,14.20,-1.00,esp
2026-04-22T02:18:05,14.20,-1.00,esp
2026-04-22T02:18:06,14.20,-1.00,esp
2026-04-22T02:18:07,14.20,-1.00,esp
2026-04-22T02:18:08,14.20,-1.00,esp
2026-04-22T02:18:09,14.20,-1.00,esp
2026-04-22T02:18:10,14.20,-1.00,esp
2026-04-22T02:18:11,14.20,-1.00,esp
2026-04-22T02:18:12,14.20,-1.00,esp
2026-04-22T02:18:13,14.20,-1.00,esp
2026-04-22T02:18:14,14.20,-1.00,esp
2026-04-22T02:18:15,14.20,-1.00,esp
2026-04-22T02:18:16,14.20,-1.00,esp
2026-04-22T02:18:17,14.20,-1.00,esp
2026-04-22T02:18:18,14.20,-1.00,esp
2026-04-22T02:18:19,14.20,-1.00,esp
2026-04-22T02:18:20,14.20,-1.00,esp
2026-04-22T02:18:21,14.20,-1.00,esp
2026-04-22T02:18:22,14.20,-1.00,esp
2026-04-22T02:18:23,14.20,-1.00,esp
2026-04-22T02:18:24,14.20,-1.00,esp
2026-04-22T02:18:25,14.20,-1.00,esp
2026-04-22T02:18:26,14.20,-1.00,esp
2026-04-22T02:18:27,14.20,-1.00,esp
2026-04-22T02:18:28,14.20,-1.00,esp
2026-04-22T02:18:29,14.20,-1.00,esp
2026-04-22T02:18:30,14.20,-1.00,esp
2026-04-22T02:18:31,14.20,-1.00,esp
2026-04-22T02:18:32,14.20,-1.00,esp
2026-04-22T02:18:33,14.20,-1.00,esp
2026-04-22T02:18:34,14.20,-1.00,esp
2026-04-22T02:18:35,14.20,-1.00,esp
2026-04-22T02:18:36,14.20,-1.00,esp
2026-04-22T02:18:37,14.20,-1.00,esp
2026-04-22T02:18:38,14.20,-1.00,esp
2026-04-22T02:18:39,14.20,-1.00,esp
2026-04-22T02:18:40,14.20,-1.00,esp
2026-04-22T02:18:41,14.20,-1.00,esp
2026-04-22T02:18:42,14.20,-1.00,esp
2026-04-22T02:18:43,14.20,-1.00,esp
2026-04-22T02:18:44,14.20,-1.00,esp
2026-04-22T02:18:45,14.20,-1.00,esp
2026-04-22T02:18:46,14.20,-1.00,esp
2026-04-22T02:18:47,14.20,-1.00,esp
2026-04-22T02:18:48,14.20,-1.00,esp
2026-04-22T02:18:49,14.20,-1.00,esp
2026-04-22T02:18:50,14.20,-1.00,esp
2026-04-22T02:18:51,14.20,-1.00,esp
2026-04-22T02:18:52,14.20,-1.00,esp
2026-04-22T02:18:53,14.20,-1.00,esp
2026-04-22T02:18:54,14.20,-1.00,esp
2026-04-22T02:18:55,14.20,-1.00,esp
2026-04-22T02:18:56,14.20,-1.00,esp
2026-04-22T02:18:57,14.20,-1.00,esp
2026-04-22T02:18:58,14.20,-1.00,esp
2026-04-22T02:18:59,14.20,-1.00,esp
2026-04-22T02:19:00,14.20,-1.00,esp
2026-04-22T02:19:01,14.20,-1.00,esp
2026-04-22T02:19:02,14.20,-1.00,esp
2026-04-22T02:19:03,14.20,-1.00,esp
2026-04-22T02:19:04,14.20,-1.00,esp
2026-04-22T02:19:05,14.20,-1.00,esp
2026-04-22T02:19:06,14.20,-1.00,esp
2026-04-22T02:19:07,14.20,-1.00,esp
2026-04-22T02:19:08,14.20,-1.00,esp
2026-04-22T02:19:09,14.20,-1.00,esp
2026-04-22T02:19:10,14.20,-1.00,esp
2026-04-22T02:19:11,14.20,-1.00,esp
2026-04-22T02:19:12,14.20,-1.00,esp
2026-04-22T02:19:13,14.20,-1.00,esp
2026-04-22T02:19:14,14.20,-1.00,esp
2026-04-22T02:19:15,14.20,-1.00,esp
2026-04-22T02:19:16,14.20,-1.00,esp
2026-04-22T02:19:17,14.20,-1.00,esp
2026-04-22T02:19:18,14.20,-1.00,esp
2026-04-22T02:19:19,14.20,-1.00,esp
2026-04-22T02:19:20,14.20,-1.00,esp
2026-04-22T02:19:21,14.20,-1.00,esp
2026-04-22T02:19:22,14.20,-1.00,esp
2026-04-22T02:19:23,14.20,-1.00,esp
2026-04-22T02:19:24,14.20,-1.00,esp
2026-04-22T02:19:25,14.20,-1.00,esp
2026-04-22T02:19:26,14.20,-1.00,esp
2026-04-22T02:19:27,14.20,-1.00,esp
2026-04-22T02:19:28,14.20,-1.00,esp
2026-04-22T02:19:29,14.20,-1.00,esp
2026-04-22T02:19:30,14.20,-1.00,esp
2026-04-22T02:19:31,14.20,-1.00,esp
2026-04-22T02:19:32,14.20,-1.00,esp
2026-04-22T02:19:33,14.20,-1.00,esp
2026-04-22T02:19:34,14.20,-1.00,esp
2026-04-22T02:19:35,14.20,-1.00,esp
2026-04-22T02:19:36,14.20,-1.00,esp
2026-04-22T02:19:37,14.20,-1.00,esp
2026-04-22T02:19:38,14.20,-1.00,esp
2026-04-22T02:19:39,14.20,-1.00,esp
2026-04-22T02:19:40,14.20,-1.00,esp
2026-04-22T02:19:41,14.20,-1.00,esp
2026-04-22T02:19:42,14.20,-1.00,esp
2026-04-22T02:19:43,14.20,-1.00,esp
2026-04-22T02:19:44,14.20,-1.00,esp
2026-04-22T02:19:45,14.20,-1.00,esp
2026-04-22T02:19:46,14.20,-1.00,esp
2026-04-22T02:19:47,14.20,-1.00,esp
2026-04-22T02:19:48,14.20,-1.00,esp
2026-04-22T02:19:49,14.20,-1.00,esp
2026-04-22T02:19:50,14.20,-1.00,esp
2026-04-22T02:19:51,14.20,-1.00,esp
2026-04-22T02:19:52,14.20,-1.00,esp
2026-04-22T02:19:53,14.20,-1.00,esp
2026-04-22T02:19:54,14.20,-1.00,esp
2026-04-22T02:19:55,14.20,-1.00,esp
2026-04-22T02:19:56,14.20,-1.00,esp
2026-04-22T02:19:57,14.20,-1.00,esp
2026-04-22T02:19:58,14.20,-1.00,esp
2026-04-22T02:19:59,14.20,-1.00,esp
2026-04-22T02:20:00,14.20,-1.00,esp
2026-04-22T02:20:01,14.20,-1.00,esp
2026-04-22T02:20:02,14.20,-1.00,esp
2026-04-22T02:20:03,14.20,-1.00,esp
2026-04-22T02:20:04,14.20,-1.00,esp
2026-04-22T02:20:05,14.20,-1.00,esp
2026-04-22T02:20:06,14.20,-1.00,esp
2026-04-22T02:20:11,14.20,-1.00,esp
2026-04-22T02:20:12,14.20,-1.00,esp
2026-04-22T02:20:13,14.20,-1.00,esp
2026-04-22T02:20:14,14.20,-1.00,esp
2026-04-22T02:20:15,14.20,-1.00,esp
2026-04-22T02:20:16,14.20,-1.00,esp
2026-04-22T02:20:17,14.20,-1.00,esp
2026-04-22T02:20:18,14.20,-1.00,esp
2026-04-22T02:20:19,14.20,-1.00,esp
2026-04-22T02:20:20,14.20,-1.00,esp
2026-04-22T02:20:21,14.20,-1.00,esp
2026-04-22T02:20:22,14.20,-1.00,esp
2026-04-22T02:20:23,14.20,-1.00,esp
2026-04-22T02:20:24,14.20,-1.00,esp
2026-04-22T02:20:25,14.20,-1.00,esp
2026-04-22T02:20:26,14.20,-1.00,esp
2026-04-22T02:20:27,14.20,-1.00,esp
2026-04-22T02:20:28,14.20,-1.00,esp
2026-04-22T02:20:29,14.20,-1.00,esp
2026-04-22T02:20:30,14.20,-1.00,esp
2026-04-22T02:20:31,14.20,-1.00,esp
2026-04-22T02:20:32,14.20,-1.00,esp
2026-04-22T02:20:33,14.20,-1.00,esp
2026-04-22T02:20:34,14.20,-1.00,esp
2026-04-22T02:20:35,14.20,-1.00,esp
2026-04-22T02:20:36,14.20,-1.00,esp
2026-04-22T02:20:37,14.20,-1.00,esp
2026-04-22T02:20:38,14.20,-1.00,esp
2026-04-22T02:20:39,14.20,-1.00,esp
2026-04-22T02:20:40,14.20,-1.00,esp
2026-04-22T02:20:41,14.20,-1.00,esp
2026-04-22T02:20:42,14.20,-1.00,esp
2026-04-22T02:20:43,14.20,-1.00,esp
2026-04-22T02:20:44,14.20,-1.00,esp
2026-04-22T02:20:45,14.20,-1.00,esp
2026-04-22T02:20:46,14.20,-1.00,esp
2026-04-22T02:20:47,14.20,-1.00,esp
2026-04-22T02:20:48,14.20,-1.00,esp
2026-04-22T02:20:49,14.20,-1.00,esp
2026-04-22T02:20:50,14.20,-1.00,esp
2026-04-22T02:20:51,14.20,-1.00,esp
2026-04-22T02:20:52,14.20,-1.00,esp
2026-04-22T02:20:53,14.20,-1.00,esp
2026-04-22T02:20:54,14.20,-1.00,esp
2026-04-22T02:20:55,14.20,-1.00,esp
2026-04-22T02:20:56,14.20,-1.00,esp
2026-04-22T02:20:57,14.20,-1.00,esp
2026-04-22T02:20:58,14.20,-1.00,esp
2026-04-22T02:20:59,14.20,-1.00,esp
2026-04-22T02:21:00,14.20,-1.00,esp
2026-04-22T02:21:01,14.20,-1.00,esp
2026-04-22T02:21:02,14.20,-1.00,esp
2026-04-22T02:21:03,14.20,-1.00,esp
2026-04-22T02:21:04,14.20,-1.00,esp
2026-04-22T02:21:05,14.20,-1.00,esp
2026-04-22T02:21:06,14.20,-1.00,esp
2026-04-22T02:21:07,14.20,-1.00,esp
2026-04-22T02:21:08,14.20,-1.00,esp
2026-04-22T02:21:09,14.20,-1.00,esp
2026-04-22T02:21:10,14.20,-1.00,esp
2026-04-22T02:21:11,14.20,-1.00,esp
2026-04-22T02:21:12,14.20,-1.00,esp
2026-04-22T02:21:13,14.20,-1.00,esp
2026-04-22T02:21:14,14.20,-1.00,esp
2026-04-22T02:21:15,14.20,-1.00,esp
2026-04-22T02:21:16,14.20,-1.00,esp
2026-04-22T02:21:17,14.20,-1.00,esp
2026-04-22T02:21:18,14.20,-1.00,esp
2026-04-22T02:21:19,14.20,-1.00,esp
2026-04-22T02:21:20,14.20,-1.00,esp
2026-04-22T02:21:21,14.20,-1.00,esp
2026-04-22T02:21:22,14.20,-1.00,esp
2026-04-22T02:21:23,14.20,-1.00,esp
2026-04-22T02:21:24,14.20,-1.00,esp
2026-04-22T02:21:25,14.20,-1.00,esp
2026-04-22T02:21:26,14.20,-1.00,esp
2026-04-22T02:21:27,14.20,-1.00,esp
2026-04-22T02:21:28,14.20,-1.00,esp
2026-04-22T02:21:29,14.20,-1.00,esp
2026-04-22T02:33:04,14.20,-1.00,esp
2026-04-22T02:33:05,14.20,-1.00,esp
2026-04-22T02:33:06,14.20,-1.00,esp
2026-04-22T02:33:07,14.20,-1.00,esp
2026-04-22T02:33:08,14.20,-1.00,esp
2026-04-22T02:33:09,14.20,-1.00,esp
2026-04-22T02:33:10,14.20,-1.00,esp
2026-04-22T02:33:11,14.20,-1.00,esp
2026-04-22T02:33:12,14.20,-1.00,esp
2026-04-22T02:33:13,14.20,-1.00,esp
2026-04-22T02:33:14,14.20,-1.00,esp
2026-04-22T02:33:15,14.20,-1.00,esp
2026-04-22T02:33:16,14.20,-1.00,esp
2026-04-22T02:33:17,14.20,-1.00,esp
2026-04-22T02:33:18,14.20,-1.00,esp
2026-04-22T02:33:19,14.20,-1.00,esp
2026-04-22T02:33:20,14.20,-1.00,esp
2026-04-22T02:33:21,14.20,-1.00,esp
2026-04-22T02:33:22,14.20,-1.00,esp
2026-04-22T02:33:23,14.20,-1.00,esp
2026-04-22T02:33:24,14.20,-1.00,esp
2026-04-22T02:33:25,14.20,-1.00,esp
2026-04-22T02:33:26,14.20,-1.00,esp
2026-04-22T02:33:27,14.20,-1.00,esp
2026-04-22T02:33:28,14.20,-1.00,esp
2026-04-22T02:33:29,14.20,-1.00,esp
2026-04-22T02:33:30,14.20,-1.00,esp
2026-04-22T02:33:31,14.20,-1.00,esp
2026-04-22T02:33:32,14.20,-1.00,esp
2026-04-22T02:33:33,14.20,-1.00,esp
2026-04-22T02:33:34,14.20,-1.00,esp
2026-04-22T02:33:35,14.20,-1.00,esp
2026-04-22T02:33:36,14.20,-1.00,esp
2026-04-22T02:33:37,14.20,-1.00,esp
2026-04-22T02:33:38,14.20,-1.00,esp
2026-04-22T02:33:42,14.20,-1.00,esp
2026-04-22T02:33:43,14.20,-1.00,esp
2026-04-22T02:33:44,14.20,-1.00,esp
2026-04-22T02:33:45,14.20,-1.00,esp
2026-04-22T02:33:46,14.20,-1.00,esp
2026-04-22T02:33:47,14.20,-1.00,esp
2026-04-22T02:33:48,14.20,-1.00,esp
2026-04-22T02:33:49,14.20,-1.00,esp
2026-04-22T02:33:50,14.20,-1.00,esp
2026-04-22T02:33:51,14.20,-1.00,esp
2026-04-22T02:33:52,14.20,-1.00,esp
2026-04-22T02:33:53,14.20,-1.00,esp
2026-04-22T02:33:54,14.20,-1.00,esp
2026-04-22T02:33:55,14.20,-1.00,esp
2026-04-22T02:33:56,14.20,-1.00,esp
2026-04-22T02:33:57,14.20,-1.00,esp
2026-04-22T02:33:58,14.20,-1.00,esp
2026-04-22T02:33:59,14.20,-1.00,esp
2026-04-22T02:34:03,14.20,-1.00,esp
2026-04-22T02:34:04,14.20,-1.00,esp
2026-04-22T02:34:05,14.20,-1.00,esp
2026-04-22T02:34:06,14.20,-1.00,esp
2026-04-22T02:34:07,14.20,-1.00,esp
2026-04-22T02:34:08,14.20,-1.00,esp
2026-04-22T02:34:09,14.20,-1.00,esp
2026-04-22T02:34:10,14.20,-1.00,esp
2026-04-22T02:34:11,14.20,-1.00,esp
2026-04-22T02:34:12,14.20,-1.00,esp
2026-04-22T02:34:13,14.20,-1.00,esp
2026-04-22T02:34:14,14.20,-1.00,esp
2026-04-22T02:34:15,14.20,-1.00,esp
2026-04-22T02:34:16,14.20,-1.00,esp
2026-04-22T02:34:17,14.20,-1.00,esp
2026-04-22T02:34:18,14.20,-1.00,esp
2026-04-22T02:34:19,14.20,-1.00,esp
2026-04-22T02:34:20,14.20,-1.00,esp
2026-04-22T02:34:21,14.20,-1.00,esp
2026-04-22T02:34:22,14.20,-1.00,esp
2026-04-22T02:34:23,14.20,-1.00,esp
2026-04-22T02:34:24,14.20,-1.00,esp
2026-04-22T02:34:25,14.20,-1.00,esp
2026-04-22T02:34:26,14.20,-1.00,esp
2026-04-22T02:34:27,14.20,-1.00,esp
2026-04-22T02:34:28,14.20,-1.00,esp
2026-04-22T02:34:29,14.20,-1.00,esp
2026-04-22T02:34:30,14.20,-1.00,esp
2026-04-22T02:34:31,14.20,-1.00,esp
2026-04-22T02:34:32,14.20,-1.00,esp
2026-04-22T02:34:33,14.20,-1.00,esp
2026-04-22T02:34:34,14.20,-1.00,esp
2026-04-22T02:34:35,14.20,-1.00,esp
2026-04-22T02:34:36,14.20,-1.00,esp
2026-04-22T02:34:37,14.20,-1.00,esp
2026-04-22T02:34:38,14.20,-1.00,esp
2026-04-22T02:34:39,14.20,-1.00,esp
2026-04-22T02:34:40,14.20,-1.00,esp
2026-04-22T02:34:41,14.20,-1.00,esp
2026-04-22T02:34:42,14.20,-1.00,esp
2026-04-22T02:34:43,14.20,-1.00,esp
2026-04-22T02:34:44,14.20,-1.00,esp
2026-04-22T02:34:45,14.20,-1.00,esp
2026-04-22T02:34:46,14.20,-1.00,esp
2026-04-22T02:34:47,14.20,-1.00,esp
2026-04-22T02:34:48,14.20,-1.00,esp
2026-04-22T02:34:49,14.20,-1.00,esp
2026-04-22T02:34:50,14.20,-1.00,esp
2026-04-22T02:34:51,14.20,-1.00,esp
2026-04-22T02:34:52,14.20,-1.00,esp
2026-04-22T02:34:53,14.20,-1.00,esp
2026-04-22T02:34:54,14.20,-1.00,esp
2026-04-22T02:34:55,14.20,-1.00,esp
2026-04-22T02:34:56,14.20,-1.00,esp
2026-04-22T02:34:57,14.20,-1.00,esp
2026-04-22T02:34:58,14.20,-1.00,esp
2026-04-22T02:34:59,14.20,-1.00,esp
2026-04-22T02:35:00,14.20,-1.00,esp
2026-04-22T02:35:01,14.20,-1.00,esp
2026-04-22T02:35:02,14.20,-1.00,esp
2026-04-22T02:35:03,14.20,-1.00,esp
2026-04-22T02:35:04,14.20,-1.00,esp
2026-04-22T02:35:05,14.20,-1.00,esp
2026-04-22T02:35:06,14.20,-1.00,esp
2026-04-22T02:35:07,14.20,-1.00,esp
2026-04-22T02:35:08,14.20,-1.00,esp
2026-04-22T02:35:09,14.20,-1.00,esp
2026-04-22T02:35:10,14.20,-1.00,esp
2026-04-22T02:35:11,14.20,-1.00,esp
2026-04-22T02:35:12,14.20,-1.00,esp
2026-04-22T02:35:13,14.20,-1.00,esp
2026-04-22T02:35:14,14.20,-1.00,esp
2026-04-22T02:35:15,14.20,-1.00,esp
2026-04-22T02:35:16,14.20,-1.00,esp
2026-04-22T02:35:17,14.20,-1.00,esp
2026-04-22T02:35:18,14.20,-1.00,esp
2026-04-22T02:35:19,14.20,-1.00,esp
2026-04-22T02:35:20,14.20,-1.00,esp
2026-04-22T02:35:21,14.20,-1.00,esp
2026-04-22T02:35:22,14.20,-1.00,esp
2026-04-22T02:35:23,14.20,-1.00,esp
2026-04-22T02:35:24,14.20,-1.00,esp
2026-04-22T02:35:25,14.20,-1.00,esp
2026-04-22T02:35:26,14.20,-1.00,esp
2026-04-22T02:35:27,14.20,-1.00,esp
2026-04-22T02:35:28,14.20,-1.00,esp
2026-04-22T02:35:29,14.20,-1.00,esp
2026-04-22T02:35:30,14.20,-1.00,esp
2026-04-22T02:35:31,14.20,-1.00,esp
2026-04-22T02:35:32,14.20,-1.00,esp
2026-04-22T02:35:33,14.20,-1.00,esp
2026-04-22T02:35:34,14.20,-1.00,esp
2026-04-22T02:35:35,14.20,-1.00,esp
2026-04-22T02:35:36,14.20,-1.00,esp
2026-04-22T02:35:37,14.20,-1.00,esp
2026-04-22T02:35:38,14.20,-1.00,esp
2026-04-22T02:35:39,14.20,-1.00,esp
2026-04-22T02:35:40,14.20,-1.00,esp
2026-04-22T02:35:41,14.20,-1.00,esp
2026-04-22T02:35:42,14.20,-1.00,esp
2026-04-22T02:35:43,14.20,-1.00,esp
2026-04-22T02:35:44,14.20,-1.00,esp
2026-04-22T02:35:45,14.20,-1.00,esp
2026-04-22T02:35:46,14.20,-1.00,esp
2026-04-22T02:35:47,14.20,-1.00,esp
2026-04-22T02:35:48,14.20,-1.00,esp
2026-04-22T02:35:49,14.20,-1.00,esp
2026-04-22T02:35:50,14.20,-1.00,esp
2026-04-22T02:35:51,14.20,-1.00,esp
2026-04-22T02:35:52,14.20,-1.00,esp
2026-04-22T02:35:53,14.20,-1.00,esp
2026-04-22T02:35:54,14.20,-1.00,esp
2026-04-22T02:35:55,14.20,-1.00,esp
2026-04-22T02:35:56,14.20,-1.00,esp
2026-04-22T02:35:57,14.20,-1.00,esp
2026-04-22T02:35:58,14.20,-1.00,esp
2026-04-22T02:35:59,14.20,-1.00,esp
2026-04-22T02:36:00,14.20,-1.00,esp
2026-04-22T02:36:01,14.20,-1.00,esp
2026-04-22T02:36:02,14.20,-1.00,esp
2026-04-22T02:36:03,14.20,-1.00,esp
2026-04-22T02:36:04,14.20,-1.00,esp
2026-04-22T02:36:05,14.20,-1.00,esp
2026-04-22T02:36:06,14.20,-1.00,esp
2026-04-22T02:36:07,14.20,-1.00,esp
2026-04-22T02:36:08,14.20,-1.00,esp
2026-04-22T02:36:09,14.20,-1.00,esp
2026-04-22T02:36:10,14.20,-1.00,esp
2026-04-22T02:36:11,14.20,-1.00,esp
2026-04-22T02:36:12,14.20,-1.00,esp
2026-04-22T02:36:13,14.20,-1.00,esp
2026-04-22T02:36:14,14.20,-1.00,esp
2026-04-22T02:36:15,14.20,-1.00,esp
2026-04-22T02:36:16,14.20,-1.00,esp
2026-04-22T02:36:17,14.20,-1.00,esp
2026-04-22T02:36:18,14.20,-1.00,esp
2026-04-22T02:36:19,14.20,-1.00,esp
2026-04-22T02:36:20,14.20,-1.00,esp
2026-04-22T02:36:21,14.20,-1.00,esp
2026-04-22T02:36:22,14.20,-1.00,esp
2026-04-22T02:36:23,14.20,-1.00,esp
2026-04-22T02:36:24,14.20,-1.00,esp
2026-04-22T02:36:25,14.20,-1.00,esp
2026-04-22T02:36:26,14.20,-1.00,esp
2026-04-22T02:36:27,14.20,-1.00,esp
2026-04-22T02:36:28,14.20,-1.00,esp
2026-04-22T02:36:29,14.20,-1.00,esp
2026-04-22T02:36:31,14.20,-1.00,esp
2026-04-22T02:36:31,14.20,-1.00,esp
2026-04-22T02:36:32,14.20,-1.00,esp
2026-04-22T02:36:33,14.20,-1.00,esp
2026-04-22T02:36:34,14.20,-1.00,esp
2026-04-22T02:36:35,14.20,-1.00,esp
2026-04-22T02:36:36,14.20,-1.00,esp
2026-04-22T02:36:37,14.20,-1.00,esp
2026-04-22T02:36:38,14.20,-1.00,esp
2026-04-22T02:36:39,14.20,-1.00,esp
2026-04-22T02:36:40,14.20,-1.00,esp
2026-04-22T02:36:41,14.20,-1.00,esp
2026-04-22T02:36:42,14.20,-1.00,esp
2026-04-22T02:36:43,14.20,-1.00,esp
2026-04-22T02:36:44,14.20,-1.00,esp
2026-04-22T02:36:45,14.20,-1.00,esp
2026-04-22T02:36:47,14.20,-1.00,esp
2026-04-22T02:36:47,14.20,-1.00,esp
2026-04-22T02:36:48,14.20,-1.00,esp
2026-04-22T02:36:49,14.20,-1.00,esp
2026-04-22T02:36:50,14.20,-1.00,esp
2026-04-22T02:36:51,14.20,-1.00,esp
2026-04-22T02:36:52,14.20,-1.00,esp
2026-04-22T02:36:53,14.20,-1.00,esp
2026-04-22T02:36:54,14.20,-1.00,esp
2026-04-22T02:36:55,14.20,-1.00,esp
2026-04-22T02:36:56,14.20,-1.00,esp
2026-04-22T02:36:57,14.20,-1.00,esp
2026-04-22T02:36:58,14.20,-1.00,esp
2026-04-22T02:36:59,14.20,-1.00,esp
2026-04-22T02:37:00,14.20,-1.00,esp
2026-04-22T02:37:01,14.20,-1.00,esp
2026-04-22T02:37:02,14.20,-1.00,esp
2026-04-22T02:37:03,14.20,-1.00,esp
2026-04-22T02:37:04,14.20,-1.00,esp
2026-04-22T02:37:05,14.20,-1.00,esp
2026-04-22T02:37:06,14.20,-1.00,esp
2026-04-22T02:37:07,14.20,-1.00,esp
2026-04-22T02:37:08,14.20,-1.00,esp
2026-04-22T02:37:09,14.20,-1.00,esp
2026-04-22T02:37:10,14.20,-1.00,esp
2026-04-22T02:37:11,14.20,-1.00,esp
2026-04-22T02:37:12,14.20,-1.00,esp
2026-04-22T02:37:13,14.20,-1.00,esp
2026-04-22T02:37:14,14.20,-1.00,esp
2026-04-22T02:37:15,14.20,-1.00,esp
2026-04-22T02:37:16,14.20,-1.00,esp
2026-04-22T02:37:17,14.20,-1.00,esp
2026-04-22T02:37:18,14.20,-1.00,esp
2026-04-22T02:37:19,14.20,-1.00,esp
2026-04-22T02:37:20,14.20,-1.00,esp
2026-04-22T02:37:21,14.20,-1.00,esp
2026-04-22T02:37:22,14.20,-1.00,esp
2026-04-22T02:37:23,14.20,-1.00,esp
2026-04-22T02:37:24,14.20,-1.00,esp
2026-04-22T02:37:25,14.20,-1.00,esp
2026-04-22T02:37:26,14.20,-1.00,esp
2026-04-22T02:37:27,14.20,-1.00,esp
2026-04-22T02:37:28,14.20,-1.00,esp
2026-04-22T02:37:29,14.20,-1.00,esp
2026-04-22T02:37:30,14.20,-1.00,esp
2026-04-22T02:37:31,14.20,-1.00,esp
2026-04-22T02:37:32,14.20,-1.00,esp
2026-04-22T02:37:33,14.20,-1.00,esp
2026-04-22T02:37:34,14.20,-1.00,esp
2026-04-22T02:37:35,14.20,-1.00,esp
2026-04-22T02:37:36,14.20,-1.00,esp
2026-04-22T02:37:37,14.20,-1.00,esp
2026-04-22T02:37:38,14.20,-1.00,esp
2026-04-22T02:37:39,14.20,-1.00,esp
2026-04-22T02:37:40,14.20,-1.00,esp
2026-04-22T02:37:41,14.20,-1.00,esp
2026-04-22T02:37:42,14.20,-1.00,esp
2026-04-22T02:37:43,14.20,-1.00,esp
2026-04-22T02:37:44,14.20,-1.00,esp
2026-04-22T02:37:45,14.20,-1.00,esp
2026-04-22T02:37:46,14.20,-1.00,esp
2026-04-22T02:37:47,14.20,-1.00,esp
2026-04-22T02:37:48,14.20,-1.00,esp
2026-04-22T02:37:49,14.20,-1.00,esp
2026-04-22T02:37:50,14.20,-1.00,esp
2026-04-22T02:37:51,14.20,-1.00,esp
2026-04-22T02:37:52,14.20,-1.00,esp
2026-04-22T02:37:53,14.20,-1.00,esp
2026-04-22T02:37:54,14.20,-1.00,esp
2026-04-22T02:37:55,14.20,-1.00,esp
2026-04-22T02:37:56,14.20,-1.00,esp
2026-04-22T02:37:57,14.20,-1.00,esp
2026-04-22T02:37:58,14.20,-1.00,esp
2026-04-22T02:37:59,14.20,-1.00,esp
2026-04-22T02:38:00,14.20,-1.00,esp
2026-04-22T02:38:01,14.20,-1.00,esp
2026-04-22T02:38:02,14.20,-1.00,esp
2026-04-22T02:38:03,14.20,-1.00,esp
2026-04-22T02:38:04,14.20,-1.00,esp
2026-04-22T02:38:05,14.20,-1.00,esp
2026-04-22T02:38:06,14.20,-1.00,esp
2026-04-22T02:38:07,14.20,-1.00,esp
2026-04-22T02:38:08,14.20,-1.00,esp
2026-04-22T02:38:09,14.20,-1.00,esp
2026-04-22T02:38:10,14.20,-1.00,esp
2026-04-22T02:38:11,14.20,-1.00,esp
2026-04-22T02:38:12,14.20,-1.00,esp
2026-04-22T02:38:13,14.20,-1.00,esp
2026-04-22T02:38:14,14.20,-1.00,esp
2026-04-22T02:38:15,14.20,-1.00,esp
2026-04-22T02:38:16,14.20,-1.00,esp
2026-04-22T02:38:17,14.20,-1.00,esp
2026-04-22T02:38:18,14.20,-1.00,esp
2026-04-22T02:38:19,14.20,-1.00,esp
2026-04-22T02:38:20,14.20,-1.00,esp
2026-04-22T02:38:21,14.20,-1.00,esp
2026-04-22T02:38:22,14.20,-1.00,esp
2026-04-22T02:38:23,14.20,-1.00,esp
2026-04-22T02:38:24,14.20,-1.00,esp
2026-04-22T02:38:25,14.20,-1.00,esp
2026-04-22T02:38:26,14.20,-1.00,esp
2026-04-22T02:38:27,14.20,-1.00,esp
2026-04-22T02:38:28,14.20,-1.00,esp
2026-04-22T02:38:29,14.20,-1.00,esp
2026-04-22T02:38:30,14.20,-1.00,esp
2026-04-22T02:38:31,14.20,-1.00,esp
2026-04-22T02:38:32,14.20,-1.00,esp
2026-04-22T02:38:33,14.20,-1.00,esp
2026-04-22T02:38:34,14.20,-1.00,esp
2026-04-22T02:38:35,14.20,-1.00,esp
2026-04-22T02:38:36,14.20,-1.00,esp
2026-04-22T02:38:37,14.20,-1.00,esp
2026-04-22T02:38:38,14.20,-1.00,esp
2026-04-22T02:38:39,14.20,-1.00,esp
2026-04-22T02:38:40,14.20,-1.00,esp
2026-04-22T02:38:41,14.20,-1.00,esp
2026-04-22T02:38:42,14.20,-1.00,esp
2026-04-22T02:38:43,14.20,-1.00,esp
2026-04-22T02:38:46,14.20,-1.00,esp
2026-04-22T02:38:46,14.20,-1.00,esp
2026-04-22T02:38:46,14.20,-1.00,esp
2026-04-22T02:38:47,14.20,-1.00,esp
2026-04-22T02:38:48,14.20,-1.00,esp
2026-04-22T02:38:49,14.20,-1.00,esp
2026-04-22T02:38:51,14.20,-1.00,esp
2026-04-22T02:38:52,14.20,-1.00,esp
2026-04-22T02:38:52,14.20,-1.00,esp
2026-04-22T02:38:53,14.20,-1.00,esp
2026-04-22T02:38:54,14.20,-1.00,esp
2026-04-22T02:38:55,14.20,-1.00,esp
2026-04-22T02:38:56,14.20,-1.00,esp
2026-04-22T02:38:57,14.20,-1.00,esp
2026-04-22T02:38:58,14.20,-1.00,esp
2026-04-22T02:38:59,14.20,-1.00,esp
2026-04-22T02:39:00,14.20,-1.00,esp
2026-04-22T02:39:01,14.20,-1.00,esp
2026-04-22T02:39:02,14.20,-1.00,esp
2026-04-22T02:39:03,14.20,-1.00,esp
2026-04-22T02:39:04,14.20,-1.00,esp
2026-04-22T02:39:05,14.20,-1.00,esp
2026-04-22T02:39:06,14.20,-1.00,esp
2026-04-22T02:39:07,14.20,-1.00,esp
2026-04-22T02:39:08,14.20,-1.00,esp
2026-04-22T02:39:09,14.20,-1.00,esp
2026-04-22T02:39:10,14.20,-1.00,esp
2026-04-22T02:39:11,14.20,-1.00,esp
2026-04-22T02:39:12,14.20,-1.00,esp
2026-04-22T02:39:13,14.20,-1.00,esp
2026-04-22T02:39:14,14.20,-1.00,esp
2026-04-22T02:39:15,14.20,-1.00,esp
2026-04-22T02:39:16,14.20,-1.00,esp
2026-04-22T02:39:17,14.20,-1.00,esp
2026-04-22T02:39:18,14.20,-1.00,esp
2026-04-22T02:39:19,14.20,-1.00,esp
2026-04-22T02:39:20,14.20,-1.00,esp
2026-04-22T02:39:21,14.20,-1.00,esp
2026-04-22T02:39:22,14.20,-1.00,esp
2026-04-22T02:39:23,14.20,-1.00,esp
2026-04-22T02:39:24,14.20,-1.00,esp
2026-04-22T02:39:25,14.20,-1.00,esp
2026-04-22T02:39:26,14.20,-1.00,esp
2026-04-22T02:39:27,14.20,-1.00,esp
2026-04-22T02:39:28,14.20,-1.00,esp
2026-04-22T02:39:29,14.20,-1.00,esp
2026-04-22T02:39:30,14.20,-1.00,esp
2026-04-22T02:39:31,14.20,-1.00,esp
2026-04-22T02:39:32,14.20,-1.00,esp
2026-04-22T02:39:33,14.20,-1.00,esp
2026-04-22T02:39:34,14.20,-1.00,esp
2026-04-22T02:39:35,14.20,-1.00,esp
2026-04-22T02:39:36,14.20,-1.00,esp
2026-04-22T02:39:37,14.20,-1.00,esp
2026-04-22T02:39:38,14.20,-1.00,esp
2026-04-22T02:39:39,14.20,-1.00,esp
2026-04-22T02:39:40,14.20,-1.00,esp
2026-04-22T02:39:41,14.20,-1.00,esp
2026-04-22T02:39:42,14.20,-1.00,esp
2026-04-22T02:39:43,14.20,-1.00,esp
2026-04-22T02:39:44,14.20,-1.00,esp
2026-04-22T02:39:45,14.20,-1.00,esp
2026-04-22T02:39:46,14.20,-1.00,esp
2026-04-22T02:39:47,14.20,-1.00,esp
2026-04-22T02:39:48,14.20,-1.00,esp
2026-04-22T02:39:49,14.20,-1.00,esp
2026-04-22T02:39:50,14.20,-1.00,esp
2026-04-22T02:39:51,14.20,-1.00,esp
2026-04-22T02:39:52,14.20,-1.00,esp
2026-04-22T02:39:53,14.20,-1.00,esp
2026-04-22T02:39:54,14.20,-1.00,esp
2026-04-22T02:39:55,14.20,-1.00,esp
2026-04-22T02:39:56,14.20,-1.00,esp
2026-04-22T02:39:57,14.20,-1.00,esp
2026-04-22T02:39:58,14.20,-1.00,esp
2026-04-22T02:39:59,14.20,-1.00,esp
2026-04-22T02:40:00,14.20,-1.00,esp
2026-04-22T02:40:01,14.20,-1.00,esp
2026-04-22T02:40:02,14.20,-1.00,esp
2026-04-22T02:40:03,14.20,-1.00,esp
2026-04-22T02:40:04,14.20,-1.00,esp
2026-04-22T02:40:05,14.20,-1.00,esp
2026-04-22T02:40:06,14.20,-1.00,esp
2026-04-22T02:40:07,14.20,-1.00,esp
2026-04-22T02:40:08,14.20,-1.00,esp
2026-04-22T02:40:09,14.20,-1.00,esp
2026-04-22T02:40:10,14.20,-1.00,esp
2026-04-22T02:40:11,14.20,-1.00,esp
2026-04-22T02:40:12,14.20,-1.00,esp
2026-04-22T02:40:13,14.20,-1.00,esp
2026-04-22T02:40:14,14.20,-1.00,esp
2026-04-22T02:40:15,14.20,-1.00,esp
2026-04-22T02:40:16,14.20,-1.00,esp
2026-04-22T02:40:17,14.20,-1.00,esp
2026-04-22T02:40:18,14.20,-1.00,esp
2026-04-22T02:40:19,14.20,-1.00,esp
2026-04-22T02:40:20,14.20,-1.00,esp
2026-04-22T02:40:21,14.20,-1.00,esp
2026-04-22T02:40:22,14.20,-1.00,esp
2026-04-22T02:40:23,14.20,-1.00,esp
2026-04-22T02:40:24,14.20,-1.00,esp
2026-04-22T02:40:25,14.20,-1.00,esp
2026-04-22T02:40:26,14.20,-1.00,esp
2026-04-22T02:40:27,14.20,-1.00,esp
2026-04-22T02:40:28,14.20,-1.00,esp
2026-04-22T02:40:29,14.20,-1.00,esp
2026-04-22T02:40:30,14.20,-1.00,esp
2026-04-22T02:40:31,14.20,-1.00,esp
2026-04-22T02:40:32,14.20,-1.00,esp
2026-04-22T02:40:33,14.20,-1.00,esp
2026-04-22T02:40:34,14.20,-1.00,esp
2026-04-22T02:40:35,14.20,-1.00,esp
2026-04-22T02:40:36,14.20,-1.00,esp
2026-04-22T02:40:37,14.20,-1.00,esp
2026-04-22T02:40:38,14.20,-1.00,esp
2026-04-22T02:40:39,14.20,-1.00,esp
2026-04-22T02:40:40,14.20,-1.00,esp
2026-04-22T02:40:41,14.20,-1.00,esp
2026-04-22T02:40:42,14.20,-1.00,esp
2026-04-22T02:40:43,14.20,-1.00,esp
2026-04-22T02:40:44,14.20,-1.00,esp
2026-04-22T02:40:45,14.20,-1.00,esp
2026-04-22T02:40:46,14.20,-1.00,esp
2026-04-22T02:40:47,14.20,-1.00,esp
2026-04-22T02:40:48,14.20,-1.00,esp
2026-04-22T02:40:49,14.20,-1.00,esp
2026-04-22T02:40:50,14.20,-1.00,esp
2026-04-22T02:40:51,14.20,-1.00,esp
2026-04-22T02:40:52,14.20,-1.00,esp
2026-04-22T02:40:53,14.20,-1.00,esp
2026-04-22T02:40:54,14.20,-1.00,esp
2026-04-22T02:40:55,14.20,-1.00,esp
2026-04-22T02:40:56,14.20,-1.00,esp
2026-04-22T02:40:57,14.20,-1.00,esp
2026-04-22T02:40:58,14.20,-1.00,esp
2026-04-22T02:40:59,14.20,-1.00,esp
2026-04-22T02:41:00,14.20,-1.00,esp
2026-04-22T02:41:01,14.20,-1.00,esp
2026-04-22T02:41:02,14.20,-1.00,esp
2026-04-22T02:41:03,14.20,-1.00,esp
2026-04-22T02:41:04,14.20,-1.00,esp
2026-04-22T02:41:05,14.20,-1.00,esp
2026-04-22T02:41:06,14.20,-1.00,esp
2026-04-22T02:41:07,14.20,-1.00,esp
2026-04-22T02:41:08,14.20,-1.00,esp
2026-04-22T02:41:09,14.20,-1.00,esp
2026-04-22T02:41:10,14.20,-1.00,esp
2026-04-22T02:41:11,14.20,-1.00,esp
2026-04-22T02:41:12,14.20,-1.00,esp
2026-04-22T02:41:13,14.20,-1.00,esp
2026-04-22T02:41:14,14.20,-1.00,esp
2026-04-22T02:41:15,14.20,-1.00,esp
2026-04-22T02:41:16,14.20,-1.00,esp
2026-04-22T02:41:17,14.20,-1.00,esp
2026-04-22T02:41:18,14.20,-1.00,esp
2026-04-22T02:41:19,14.20,-1.00,esp
2026-04-22T02:41:20,14.20,-1.00,esp
2026-04-22T02:41:21,14.20,-1.00,esp
2026-04-22T02:41:22,14.20,-1.00,esp
2026-04-22T02:41:23,14.20,-1.00,esp
2026-04-22T02:41:24,14.20,-1.00,esp
2026-04-22T02:41:25,14.20,-1.00,esp
2026-04-22T02:41:26,14.20,-1.00,esp
2026-04-22T02:41:27,14.20,-1.00,esp
2026-04-22T02:41:28,14.20,-1.00,esp
2026-04-22T02:41:29,14.20,-1.00,esp
2026-04-22T02:41:30,14.20,-1.00,esp
2026-04-22T02:41:31,14.20,-1.00,esp
2026-04-22T02:41:32,14.20,-1.00,esp
2026-04-22T02:41:33,14.20,-1.00,esp
2026-04-22T02:41:34,14.20,-1.00,esp
2026-04-22T02:41:35,14.20,-1.00,esp
2026-04-22T02:41:36,14.20,-1.00,esp
2026-04-22T02:41:37,14.20,-1.00,esp
2026-04-22T02:41:38,14.20,-1.00,esp
2026-04-22T02:41:39,14.20,-1.00,esp
2026-04-22T02:41:40,14.20,-1.00,esp
2026-04-22T02:41:41,14.20,-1.00,esp
2026-04-22T02:41:42,14.20,-1.00,esp
2026-04-22T02:41:43,14.20,-1.00,esp
2026-04-22T02:41:44,14.20,-1.00,esp
2026-04-22T02:41:45,14.20,-1.00,esp
2026-04-22T02:41:46,14.20,-1.00,esp
2026-04-22T02:41:47,14.20,-1.00,esp
2026-04-22T02:41:48,14.20,-1.00,esp
2026-04-22T02:41:49,14.20,-1.00,esp
2026-04-22T02:41:50,14.20,-1.00,esp
2026-04-22T02:41:51,14.20,-1.00,esp
2026-04-22T02:41:52,14.20,-1.00,esp
2026-04-22T02:41:53,14.20,-1.00,esp
2026-04-22T02:41:54,14.20,-1.00,esp
2026-04-22T02:41:55,14.20,-1.00,esp
2026-04-22T02:41:56,14.20,-1.00,esp
2026-04-22T02:41:57,14.20,-1.00,esp
2026-04-22T02:41:58,14.20,-1.00,esp
2026-04-22T02:41:59,14.20,-1.00,esp
2026-04-22T02:42:00,14.20,-1.00,esp
2026-04-22T02:42:01,14.20,-1.00,esp
2026-04-22T02:42:02,14.20,-1.00,esp
2026-04-22T02:42:03,14.20,-1.00,esp
2026-04-22T02:42:04,14.20,-1.00,esp
2026-04-22T02:42:05,14.20,-1.00,esp
2026-04-22T02:42:06,14.20,-1.00,esp
2026-04-22T02:42:07,14.20,-1.00,esp
2026-04-22T02:42:08,14.20,-1.00,esp
2026-04-22T02:42:09,14.20,-1.00,esp
2026-04-22T02:42:10,14.20,-1.00,esp
2026-04-22T02:42:11,14.20,-1.00,esp
2026-04-22T02:42:12,14.20,-1.00,esp
2026-04-22T02:42:13,14.20,-1.00,esp
2026-04-22T02:42:14,14.20,-1.00,esp
2026-04-22T02:42:15,14.20,-1.00,esp
2026-04-22T02:42:16,14.20,-1.00,esp
2026-04-22T02:42:17,14.20,-1.00,esp
2026-04-22T02:42:18,14.20,-1.00,esp
2026-04-22T02:42:19,14.20,-1.00,esp
2026-04-22T02:42:20,14.20,-1.00,esp
2026-04-22T02:42:21,14.20,-1.00,esp
2026-04-22T02:42:22,14.20,-1.00,esp
2026-04-22T02:42:23,14.20,-1.00,esp
2026-04-22T02:42:24,14.20,-1.00,esp
2026-04-22T02:42:25,14.20,-1.00,esp
2026-04-22T02:42:26,14.20,-1.00,esp
2026-04-22T02:42:27,14.20,-1.00,esp
2026-04-22T02:42:28,14.20,-1.00,esp
2026-04-22T02:42:29,14.20,-1.00,esp
2026-04-22T02:42:30,14.20,-1.00,esp
2026-04-22T02:42:31,14.20,-1.00,esp
2026-04-22T02:42:32,14.20,-1.00,esp
2026-04-22T02:42:33,14.20,-1.00,esp
2026-04-22T02:42:34,14.20,-1.00,esp
2026-04-22T02:42:35,14.20,-1.00,esp
2026-04-22T02:42:36,14.20,-1.00,esp
2026-04-22T02:42:37,14.20,-1.00,esp
2026-04-22T02:42:38,14.20,-1.00,esp
2026-04-22T02:42:39,14.20,-1.00,esp
2026-04-22T02:42:40,14.20,-1.00,esp
2026-04-22T02:42:41,14.20,-1.00,esp
2026-04-22T02:42:42,14.20,-1.00,esp
2026-04-22T02:42:43,14.20,-1.00,esp
2026-04-22T02:42:44,14.20,-1.00,esp
2026-04-22T02:42:45,14.20,-1.00,esp
2026-04-22T02:42:46,14.20,-1.00,esp
2026-04-22T02:42:47,14.20,-1.00,esp
2026-04-22T02:42:48,14.20,-1.00,esp
2026-04-22T02:42:49,14.20,-1.00,esp
2026-04-22T02:42:50,14.20,-1.00,esp
2026-04-22T02:42:51,14.20,-1.00,esp
2026-04-22T02:42:52,14.20,-1.00,esp
2026-04-22T02:42:53,14.20,-1.00,esp
2026-04-22T02:42:54,14.20,-1.00,esp
2026-04-22T02:42:55,14.20,-1.00,esp
2026-04-22T02:42:56,14.20,-1.00,esp
2026-04-22T02:42:57,14.20,-1.00,esp
2026-04-22T02:42:58,14.20,-1.00,esp
2026-04-22T02:42:59,14.20,-1.00,esp
2026-04-22T02:43:00,14.20,-1.00,esp
2026-04-22T02:43:01,14.20,-1.00,esp
2026-04-22T02:43:02,14.20,-1.00,esp
2026-04-22T02:43:03,14.20,-1.00,esp
2026-04-22T02:43:04,14.20,-1.00,esp
2026-04-22T02:43:05,14.20,-1.00,esp
2026-04-22T02:43:06,14.20,-1.00,esp
2026-04-22T02:43:07,14.20,-1.00,esp
2026-04-22T02:43:08,14.20,-1.00,esp
2026-04-22T02:43:09,14.20,-1.00,esp
2026-04-22T02:43:10,14.20,-1.00,esp
2026-04-22T02:43:11,14.20,-1.00,esp
2026-04-22T02:43:12,14.20,-1.00,esp
2026-04-22T02:43:13,14.20,-1.00,esp
2026-04-22T02:43:14,14.20,-1.00,esp
2026-04-22T02:43:15,14.20,-1.00,esp
2026-04-22T02:43:16,14.20,-1.00,esp
2026-04-22T02:43:17,14.20,-1.00,esp
2026-04-22T02:43:18,14.20,-1.00,esp
2026-04-22T02:43:19,14.20,-1.00,esp
2026-04-22T02:43:20,14.20,-1.00,esp
2026-04-22T02:43:21,14.20,-1.00,esp
2026-04-22T02:43:22,14.20,-1.00,esp
2026-04-22T02:43:23,14.20,-1.00,esp
2026-04-22T02:43:24,14.20,-1.00,esp
2026-04-22T02:43:25,14.20,-1.00,esp
2026-04-22T02:43:26,14.20,-1.00,esp
2026-04-22T02:43:27,14.20,-1.00,esp
2026-04-22T02:43:28,14.20,-1.00,esp
2026-04-22T02:43:29,14.20,-1.00,esp
2026-04-22T02:43:30,14.20,-1.00,esp
2026-04-22T02:43:31,14.20,-1.00,esp
2026-04-22T02:43:32,14.20,-1.00,esp
2026-04-22T02:43:33,14.20,-1.00,esp
2026-04-22T02:43:34,14.20,-1.00,esp
2026-04-22T02:43:35,14.20,-1.00,esp
2026-04-22T02:43:36,14.20,-1.00,esp
2026-04-22T02:43:37,14.20,-1.00,esp
2026-04-22T02:43:38,14.20,-1.00,esp
2026-04-22T02:43:39,14.20,-1.00,esp
2026-04-22T02:43:43,14.20,-1.00,esp
2026-04-22T02:43:44,14.20,-1.00,esp
2026-04-22T02:43:49,14.20,-1.00,esp
2026-04-22T02:43:50,14.20,-1.00,esp
2026-04-22T02:43:51,14.20,-1.00,esp
2026-04-22T02:43:52,14.20,-1.00,esp
2026-04-22T02:43:53,14.20,-1.00,esp
2026-04-22T02:43:54,14.20,-1.00,esp
2026-04-22T02:43:55,14.20,-1.00,esp
2026-04-22T02:43:56,14.20,-1.00,esp
2026-04-22T02:43:57,14.20,-1.00,esp
2026-04-22T02:43:58,14.20,-1.00,esp
2026-04-22T02:43:59,14.20,-1.00,esp
2026-04-22T02:44:00,14.20,-1.00,esp
2026-04-22T02:44:01,14.20,-1.00,esp
2026-04-22T02:44:02,14.20,-1.00,esp
2026-04-22T02:44:03,14.20,-1.00,esp
2026-04-22T02:44:04,14.20,-1.00,esp
2026-04-22T02:44:05,14.20,-1.00,esp
2026-04-22T02:44:06,14.20,-1.00,esp
2026-04-22T02:44:07,14.20,-1.00,esp
2026-04-22T02:44:08,14.20,-1.00,esp
2026-04-22T02:44:09,14.20,-1.00,esp
2026-04-22T02:44:10,14.20,-1.00,esp
2026-04-22T02:44:11,14.20,-1.00,esp
2026-04-22T02:44:12,14.20,-1.00,esp
2026-04-22T02:44:13,14.20,-1.00,esp
2026-04-22T02:44:14,14.20,-1.00,esp
2026-04-22T02:44:15,14.20,-1.00,esp
2026-04-22T02:44:16,14.20,-1.00,esp
2026-04-22T02:44:17,14.20,-1.00,esp
2026-04-22T02:44:18,14.20,-1.00,esp
2026-04-22T02:44:19,14.20,-1.00,esp
2026-04-22T02:44:20,14.20,-1.00,esp
2026-04-22T02:44:21,14.20,-1.00,esp
2026-04-22T02:44:22,14.20,-1.00,esp
2026-04-22T02:44:23,14.20,-1.00,esp
2026-04-22T02:44:24,14.20,-1.00,esp
2026-04-22T02:44:25,14.20,-1.00,esp
2026-04-22T02:44:26,14.20,-1.00,esp
2026-04-22T02:44:27,14.20,-1.00,esp
2026-04-22T02:44:28,14.20,-1.00,esp
2026-04-22T02:44:29,14.20,-1.00,esp
2026-04-22T02:44:30,14.20,-1.00,esp
2026-04-22T02:44:31,14.20,-1.00,esp
2026-04-22T02:44:32,14.20,-1.00,esp
2026-04-22T02:44:33,14.20,-1.00,esp
2026-04-22T02:44:34,14.20,-1.00,esp
2026-04-22T02:44:35,14.20,-1.00,esp
2026-04-22T02:44:36,14.20,-1.00,esp
2026-04-22T02:44:37,14.20,-1.00,esp
2026-04-22T02:44:38,14.20,-1.00,esp
2026-04-22T02:44:39,14.20,-1.00,esp
2026-04-22T02:44:40,14.20,-1.00,esp
2026-04-22T02:44:41,14.20,-1.00,esp
2026-04-22T02:44:42,14.20,-1.00,esp
2026-04-22T02:44:43,14.20,-1.00,esp
2026-04-22T02:44:44,14.20,-1.00,esp
2026-04-22T02:44:45,14.20,-1.00,esp
2026-04-22T02:44:46,14.20,-1.00,esp
2026-04-22T02:44:47,14.20,-1.00,esp
2026-04-22T02:44:48,14.20,-1.00,esp
2026-04-22T02:44:49,14.20,-1.00,esp
2026-04-22T02:44:50,14.20,-1.00,esp
2026-04-22T02:44:51,14.20,-1.00,esp
2026-04-22T02:44:52,14.20,-1.00,esp
2026-04-22T02:44:53,14.20,-1.00,esp
2026-04-22T02:44:54,14.20,-1.00,esp
2026-04-22T02:45:13,14.20,-1.00,esp
2026-04-22T02:45:14,14.20,-1.00,esp
2026-04-22T02:45:15,14.20,-1.00,esp
2026-04-22T02:45:16,14.20,-1.00,esp
2026-04-22T02:45:17,14.20,-1.00,esp
2026-04-22T02:45:18,14.20,-1.00,esp
2026-04-22T02:45:19,14.20,-1.00,esp
2026-04-22T02:45:20,14.20,-1.00,esp
2026-04-22T02:45:21,14.20,-1.00,esp
2026-04-22T02:45:22,14.20,-1.00,esp
2026-04-22T02:45:23,14.20,-1.00,esp
2026-04-22T02:45:24,14.20,-1.00,esp
2026-04-22T02:45:25,14.20,-1.00,esp
2026-04-22T02:45:26,14.20,-1.00,esp
2026-04-22T02:45:27,14.20,-1.00,esp
2026-04-22T02:45:28,14.20,-1.00,esp
2026-04-22T02:45:29,14.20,-1.00,esp
2026-04-22T02:45:30,14.20,-1.00,esp
2026-04-22T02:45:31,14.20,-1.00,esp
2026-04-22T02:45:32,14.20,-1.00,esp
2026-04-22T02:45:33,14.20,-1.00,esp
2026-04-22T02:45:34,14.20,-1.00,esp
2026-04-22T02:45:35,14.20,-1.00,esp
2026-04-22T02:45:36,14.20,-1.00,esp
2026-04-22T02:45:37,14.20,-1.00,esp
2026-04-22T02:45:38,14.20,-1.00,esp
2026-04-22T02:45:39,14.20,-1.00,esp
2026-04-22T02:45:40,14.20,-1.00,esp
2026-04-22T02:45:41,14.20,-1.00,esp
2026-04-22T02:45:42,14.20,-1.00,esp
2026-04-22T02:45:43,14.20,-1.00,esp
2026-04-22T02:45:44,14.20,-1.00,esp
2026-04-22T02:45:45,14.20,-1.00,esp
2026-04-22T02:45:46,14.20,-1.00,esp
2026-04-22T02:45:47,14.20,-1.00,esp
2026-04-22T02:45:48,14.20,-1.00,esp
2026-04-22T02:45:49,14.20,-1.00,esp
2026-04-22T02:45:50,14.20,-1.00,esp
2026-04-22T02:45:51,14.20,-1.00,esp
2026-04-22T02:45:52,14.20,-1.00,esp
2026-04-22T02:45:53,14.20,-1.00,esp
2026-04-22T02:45:54,14.20,-1.00,esp
2026-04-22T02:45:55,14.20,-1.00,esp
2026-04-22T02:45:56,14.20,-1.00,esp
2026-04-22T02:45:57,14.20,-1.00,esp
2026-04-22T02:45:58,14.20,-1.00,esp
2026-04-22T02:45:59,14.20,-1.00,esp
2026-04-22T02:46:00,14.20,-1.00,esp
2026-04-22T02:46:01,14.20,-1.00,esp
2026-04-22T02:46:02,14.20,-1.00,esp
2026-04-22T02:46:03,14.20,-1.00,esp
2026-04-22T02:46:04,14.20,-1.00,esp
2026-04-22T02:46:05,14.20,-1.00,esp
2026-04-22T02:46:06,14.20,-1.00,esp
2026-04-22T02:46:07,14.20,-1.00,esp
2026-04-22T02:46:08,14.20,-1.00,esp
2026-04-22T02:46:09,14.20,-1.00,esp
2026-04-22T02:46:10,14.20,-1.00,esp
2026-04-22T02:46:11,14.20,-1.00,esp
2026-04-22T02:46:12,14.20,-1.00,esp
2026-04-22T02:46:13,14.20,-1.00,esp
2026-04-22T02:46:14,14.20,-1.00,esp
2026-04-22T02:46:15,14.20,-1.00,esp
2026-04-22T02:46:16,14.20,-1.00,esp
2026-04-22T02:46:17,14.20,-1.00,esp
2026-04-22T02:46:18,14.20,-1.00,esp
2026-04-22T02:46:19,14.20,-1.00,esp
2026-04-22T02:46:20,14.20,-1.00,esp
2026-04-22T02:46:21,14.20,-1.00,esp
2026-04-22T02:46:22,14.20,-1.00,esp
2026-04-22T02:46:23,14.20,-1.00,esp
2026-04-22T02:46:24,14.20,-1.00,esp
2026-04-22T02:46:25,14.20,-1.00,esp
2026-04-22T02:46:26,14.20,-1.00,esp
2026-04-22T02:46:27,14.20,-1.00,esp
2026-04-22T02:46:28,14.20,-1.00,esp
2026-04-22T02:46:29,14.20,-1.00,esp
2026-04-22T02:46:30,14.20,-1.00,esp
2026-04-22T02:46:31,14.20,-1.00,esp
2026-04-22T02:46:32,14.20,-1.00,esp
2026-04-22T02:46:33,14.20,-1.00,esp
2026-04-22T02:46:34,14.20,-1.00,esp
2026-04-22T02:46:35,14.20,-1.00,esp
2026-04-22T02:46:36,14.20,-1.00,esp
2026-04-22T02:46:37,14.20,-1.00,esp
2026-04-22T02:46:38,14.20,-1.00,esp
2026-04-22T02:46:39,14.20,-1.00,esp
2026-04-22T02:46:40,14.20,-1.00,esp
2026-04-22T02:46:41,14.20,-1.00,esp
2026-04-22T02:46:42,14.20,-1.00,esp
2026-04-22T02:46:43,14.20,-1.00,esp
2026-04-22T02:46:44,14.20,-1.00,esp
2026-04-22T02:46:45,14.20,-1.00,esp
2026-04-22T02:46:46,14.20,-1.00,esp
2026-04-22T02:46:47,14.20,-1.00,esp
2026-04-22T02:46:48,14.20,-1.00,esp
2026-04-22T02:46:49,14.20,-1.00,esp
2026-04-22T02:46:50,14.20,-1.00,esp
2026-04-22T02:46:51,14.20,-1.00,esp
2026-04-22T02:46:52,14.20,-1.00,esp
2026-04-22T02:46:53,14.20,-1.00,esp
2026-04-22T02:46:54,14.20,-1.00,esp
2026-04-22T02:46:55,14.20,-1.00,esp
2026-04-22T02:46:56,14.20,-1.00,esp
2026-04-22T02:46:57,14.20,-1.00,esp
2026-04-22T02:46:58,14.20,-1.00,esp
2026-04-22T02:46:59,14.20,-1.00,esp
2026-04-22T02:47:00,14.20,-1.00,esp
2026-04-22T02:47:01,14.20,-1.00,esp
2026-04-22T02:47:02,14.20,-1.00,esp
2026-04-22T02:47:03,14.20,-1.00,esp
2026-04-22T02:47:04,14.20,-1.00,esp
2026-04-22T02:47:05,14.20,-1.00,esp
2026-04-22T02:47:06,14.20,-1.00,esp
2026-04-22T02:47:07,14.20,-1.00,esp
2026-04-22T02:47:08,14.20,-1.00,esp
2026-04-22T02:47:09,14.20,-1.00,esp
2026-04-22T02:47:10,14.20,-1.00,esp
2026-04-22T02:47:11,14.20,-1.00,esp
2026-04-22T02:47:12,14.20,-1.00,esp
2026-04-22T02:47:13,14.20,-1.00,esp
2026-04-22T02:47:14,14.20,-1.00,esp
2026-04-22T02:47:15,14.20,-1.00,esp
2026-04-22T02:47:16,14.20,-1.00,esp
2026-04-22T02:47:17,14.20,-1.00,esp
2026-04-22T02:47:18,14.20,-1.00,esp
2026-04-22T02:47:19,14.20,-1.00,esp
2026-04-22T02:47:20,14.20,-1.00,esp
2026-04-22T02:47:21,14.20,-1.00,esp
2026-04-22T02:47:22,14.20,-1.00,esp
2026-04-22T02:47:23,14.20,-1.00,esp
2026-04-22T02:47:24,14.20,-1.00,esp
2026-04-22T02:47:25,14.20,-1.00,esp
2026-04-22T02:47:26,14.20,-1.00,esp
2026-04-22T02:47:27,14.20,-1.00,esp
2026-04-22T02:47:28,14.20,-1.00,esp
2026-04-22T02:47:29,14.20,-1.00,esp
2026-04-22T02:47:30,14.20,-1.00,esp
2026-04-22T02:47:31,14.20,-1.00,esp
2026-04-22T02:47:32,14.20,-1.00,esp
2026-04-22T02:47:33,14.20,-1.00,esp
2026-04-22T02:47:34,14.20,-1.00,esp
2026-04-22T02:47:35,14.20,-1.00,esp
2026-04-22T02:47:36,14.20,-1.00,esp
2026-04-22T02:47:37,14.20,-1.00,esp
2026-04-22T02:47:38,14.20,-1.00,esp
2026-04-22T02:47:39,14.20,-1.00,esp
2026-04-22T02:47:40,14.20,-1.00,esp
2026-04-22T02:47:41,14.20,-1.00,esp
2026-04-22T02:47:42,14.20,-1.00,esp
2026-04-22T02:47:43,14.20,-1.00,esp
2026-04-22T02:47:44,14.20,-1.00,esp
2026-04-22T02:47:45,14.20,-1.00,esp
2026-04-22T02:47:46,14.20,-1.00,esp
2026-04-22T02:47:47,14.20,-1.00,esp
2026-04-22T02:47:48,14.20,-1.00,esp
2026-04-22T02:47:49,14.20,-1.00,esp
2026-04-22T02:47:50,14.20,-1.00,esp
2026-04-22T02:47:51,14.20,-1.00,esp
2026-04-22T02:47:52,14.20,-1.00,esp
2026-04-22T02:47:53,14.20,-1.00,esp
2026-04-22T02:47:54,14.20,-1.00,esp
2026-04-22T02:47:55,14.20,-1.00,esp
2026-04-22T02:47:56,14.20,-1.00,esp
2026-04-22T02:47:57,14.20,-1.00,esp
2026-04-22T02:47:58,14.20,-1.00,esp
2026-04-22T02:47:59,14.20,-1.00,esp
2026-04-22T02:48:00,14.20,-1.00,esp
2026-04-22T02:48:01,14.20,-1.00,esp
2026-04-22T02:48:02,14.20,-1.00,esp
2026-04-22T02:48:03,14.20,-1.00,esp
2026-04-22T02:48:04,14.20,-1.00,esp
2026-04-22T02:48:05,14.20,-1.00,esp
2026-04-22T02:48:06,14.20,-1.00,esp
2026-04-22T02:48:07,14.20,-1.00,esp
2026-04-22T02:48:08,14.20,-1.00,esp
2026-04-22T02:48:09,14.20,-1.00,esp
2026-04-22T02:48:10,14.20,-1.00,esp
2026-04-22T02:48:11,14.20,-1.00,esp
2026-04-22T02:48:12,14.20,-1.00,esp
2026-04-22T02:48:13,14.20,-1.00,esp
2026-04-22T02:48:14,14.20,-1.00,esp
2026-04-22T02:48:15,14.20,-1.00,esp
2026-04-22T02:48:16,14.20,-1.00,esp
2026-04-22T02:48:17,14.20,-1.00,esp
2026-04-22T02:48:18,14.20,-1.00,esp
2026-04-22T02:48:19,14.20,-1.00,esp
2026-04-22T02:48:20,14.20,-1.00,esp
2026-04-22T02:48:21,14.20,-1.00,esp
2026-04-22T02:48:22,14.20,-1.00,esp
2026-04-22T02:48:23,14.20,-1.00,esp
2026-04-22T02:48:24,14.20,-1.00,esp
2026-04-22T02:48:25,14.20,-1.00,esp
2026-04-22T02:48:26,14.20,-1.00,esp
2026-04-22T02:48:27,14.20,-1.00,esp
2026-04-22T02:48:28,14.20,-1.00,esp
2026-04-22T02:48:29,14.20,-1.00,esp
2026-04-22T02:48:30,14.20,-1.00,esp
2026-04-22T02:48:31,14.20,-1.00,esp
2026-04-22T02:48:32,14.20,-1.00,esp
2026-04-22T02:48:33,14.20,-1.00,esp
2026-04-22T02:48:34,14.20,-1.00,esp
2026-04-22T02:48:35,14.20,-1.00,esp
2026-04-22T02:48:36,14.20,-1.00,esp
2026-04-22T02:48:37,14.20,-1.00,esp
2026-04-22T02:48:38,14.20,-1.00,esp
2026-04-22T02:48:39,14.20,-1.00,esp
2026-04-22T02:48:40,14.20,-1.00,esp
2026-04-22T02:48:41,14.20,-1.00,esp
2026-04-22T02:48:42,14.20,-1.00,esp
2026-04-22T02:48:43,14.20,-1.00,esp
2026-04-22T02:48:44,14.20,-1.00,esp
2026-04-22T02:48:45,14.20,-1.00,esp
2026-04-22T02:48:46,14.20,-1.00,esp
2026-04-22T02:48:47,14.20,-1.00,esp
2026-04-22T02:48:48,14.20,-1.00,esp
2026-04-22T02:48:49,14.20,-1.00,esp
2026-04-22T02:48:50,14.20,-1.00,esp
2026-04-22T02:48:51,14.20,-1.00,esp
2026-04-22T02:48:52,14.20,-1.00,esp
2026-04-22T02:48:53,14.20,-1.00,esp
2026-04-22T02:48:54,14.20,-1.00,esp
2026-04-22T02:48:55,14.20,-1.00,esp
2026-04-22T02:48:56,14.20,-1.00,esp
2026-04-22T02:48:57,14.20,-1.00,esp
2026-04-22T02:48:58,14.20,-1.00,esp
2026-04-22T02:48:59,14.20,-1.00,esp
2026-04-22T02:49:00,14.20,-1.00,esp
2026-04-22T02:49:01,14.20,-1.00,esp
2026-04-22T02:49:02,14.20,-1.00,esp
2026-04-22T02:49:03,14.20,-1.00,esp
2026-04-22T02:49:04,14.20,-1.00,esp
2026-04-22T02:49:05,14.20,-1.00,esp
2026-04-22T02:49:06,14.20,-1.00,esp
2026-04-22T02:49:07,14.20,-1.00,esp
2026-04-22T02:49:08,14.20,-1.00,esp
2026-04-22T02:49:09,14.20,-1.00,esp
2026-04-22T02:49:10,14.20,-1.00,esp
2026-04-22T02:49:11,14.20,-1.00,esp
2026-04-22T02:49:12,14.20,-1.00,esp
2026-04-22T02:49:13,14.20,-1.00,esp
2026-04-22T02:49:14,14.20,-1.00,esp
2026-04-22T02:49:15,14.20,-1.00,esp
2026-04-22T02:49:16,14.20,-1.00,esp
2026-04-22T02:49:17,14.20,-1.00,esp
2026-04-22T02:49:18,14.20,-1.00,esp
2026-04-22T02:49:19,14.20,-1.00,esp
2026-04-22T02:49:20,14.20,-1.00,esp
2026-04-22T02:49:21,14.20,-1.00,esp
2026-04-22T02:49:22,14.20,-1.00,esp
2026-04-22T02:49:23,14.20,-1.00,esp
2026-04-22T02:49:24,14.20,-1.00,esp
2026-04-22T02:49:25,14.20,-1.00,esp
2026-04-22T02:49:26,14.20,-1.00,esp
2026-04-22T02:49:27,14.20,-1.00,esp
2026-04-22T02:49:28,14.20,-1.00,esp
2026-04-22T02:49:29,14.20,-1.00,esp
2026-04-22T02:49:30,14.20,-1.00,esp
2026-04-22T02:49:31,14.20,-1.00,esp
2026-04-22T02:49:32,14.20,-1.00,esp
2026-04-22T02:49:33,14.20,-1.00,esp
2026-04-22T02:49:34,14.20,-1.00,esp
2026-04-22T02:49:35,14.20,-1.00,esp
2026-04-22T02:49:36,14.20,-1.00,esp
2026-04-22T02:49:37,14.20,-1.00,esp
2026-04-22T02:49:38,14.20,-1.00,esp
2026-04-22T02:49:39,14.20,-1.00,esp
2026-04-22T02:49:40,14.20,-1.00,esp
2026-04-22T02:49:41,14.20,-1.00,esp
2026-04-22T02:49:42,14.20,-1.00,esp
2026-04-22T02:49:43,14.20,-1.00,esp
2026-04-22T02:49:44,14.20,-1.00,esp
2026-04-22T02:49:45,14.20,-1.00,esp
2026-04-22T02:49:46,14.20,-1.00,esp
2026-04-22T02:49:47,14.20,-1.00,esp
2026-04-22T02:49:48,14.20,-1.00,esp
2026-04-22T02:49:49,14.20,-1.00,esp
2026-04-22T02:49:50,14.20,-1.00,esp
2026-04-22T02:49:51,14.20,-1.00,esp
2026-04-22T02:49:52,14.20,-1.00,esp
2026-04-22T02:49:53,14.20,-1.00,esp
2026-04-22T02:49:54,14.20,-1.00,esp
2026-04-22T02:49:55,14.20,-1.00,esp
2026-04-22T02:49:56,14.20,-1.00,esp
2026-04-22T02:49:57,14.20,-1.00,esp
2026-04-22T02:49:58,14.20,-1.00,esp
2026-04-22T02:49:59,14.20,-1.00,esp
2026-04-22T02:50:00,14.20,-1.00,esp
2026-04-22T02:50:01,14.20,-1.00,esp
2026-04-22T02:50:02,14.20,-1.00,esp
2026-04-22T02:50:03,14.20,-1.00,esp
2026-04-22T02:50:04,14.20,-1.00,esp
2026-04-22T02:50:05,14.20,-1.00,esp
2026-04-22T02:50:06,14.20,-1.00,esp
2026-04-22T02:50:07,14.20,-1.00,esp
2026-04-22T02:50:08,14.20,-1.00,esp
2026-04-22T02:50:09,14.20,-1.00,esp
2026-04-22T02:50:10,14.20,-1.00,esp
2026-04-22T02:50:11,14.20,-1.00,esp
2026-04-22T02:50:12,14.20,-1.00,esp
2026-04-22T02:50:13,14.20,-1.00,esp
2026-04-22T02:50:14,14.20,-1.00,esp
2026-04-22T02:50:15,14.20,-1.00,esp
2026-04-22T02:50:16,14.20,-1.00,esp
2026-04-22T02:50:17,14.20,-1.00,esp
2026-04-22T02:50:18,14.20,-1.00,esp
2026-04-22T02:50:19,14.20,-1.00,esp
2026-04-22T02:50:20,14.20,-1.00,esp
2026-04-22T02:50:21,14.20,-1.00,esp
2026-04-22T02:50:22,14.20,-1.00,esp
2026-04-22T02:50:23,14.20,-1.00,esp
2026-04-22T02:50:24,14.20,-1.00,esp
2026-04-22T02:50:25,14.20,-1.00,esp
2026-04-22T02:50:26,14.20,-1.00,esp
2026-04-22T02:50:27,14.20,-1.00,esp
2026-04-22T02:50:28,14.20,-1.00,esp
2026-04-22T02:50:29,14.20,-1.00,esp
2026-04-22T02:50:30,14.20,-1.00,esp
2026-04-22T02:50:31,14.20,-1.00,esp
2026-04-22T02:50:32,14.20,-1.00,esp
2026-04-22T02:50:33,14.20,-1.00,esp
2026-04-22T02:50:34,14.20,-1.00,esp
2026-04-22T02:50:35,14.20,-1.00,esp
2026-04-22T02:50:36,14.20,-1.00,esp
2026-04-22T02:50:37,14.20,-1.00,esp
2026-04-22T02:50:38,14.20,-1.00,esp
2026-04-22T02:50:39,14.20,-1.00,esp
2026-04-22T02:50:40,14.20,-1.00,esp
2026-04-22T02:50:41,14.20,-1.00,esp
2026-04-22T02:50:42,14.20,-1.00,esp
2026-04-22T02:50:43,14.20,-1.00,esp
2026-04-22T02:50:44,14.20,-1.00,esp
2026-04-22T02:50:45,14.20,-1.00,esp
2026-04-22T02:50:46,14.20,-1.00,esp
2026-04-22T02:50:47,14.20,-1.00,esp
2026-04-22T02:50:48,14.20,-1.00,esp
2026-04-22T02:50:49,14.20,-1.00,esp
2026-04-22T02:50:50,14.20,-1.00,esp
2026-04-22T02:50:51,14.20,-1.00,esp
2026-04-22T02:50:52,14.20,-1.00,esp
2026-04-22T02:50:53,14.20,-1.00,esp
2026-04-22T02:50:54,14.20,-1.00,esp
2026-04-22T02:50:55,14.20,-1.00,esp
2026-04-22T02:50:56,14.20,-1.00,esp
2026-04-22T02:50:57,14.20,-1.00,esp
2026-04-22T02:50:58,14.20,-1.00,esp
2026-04-22T02:50:59,14.20,-1.00,esp
2026-04-22T02:51:00,14.20,-1.00,esp
2026-04-22T02:51:01,14.20,-1.00,esp
2026-04-22T02:51:02,14.20,-1.00,esp
2026-04-22T02:51:03,14.20,-1.00,esp
2026-04-22T02:51:04,14.20,-1.00,esp
2026-04-22T02:51:05,14.20,-1.00,esp
2026-04-22T02:51:06,14.20,-1.00,esp
2026-04-22T02:51:07,14.20,-1.00,esp
2026-04-22T02:51:08,14.20,-1.00,esp
2026-04-22T02:51:09,14.20,-1.00,esp
2026-04-22T02:51:10,14.20,-1.00,esp
2026-04-22T02:51:11,14.20,-1.00,esp
2026-04-22T02:51:12,14.20,-1.00,esp
2026-04-22T02:51:13,14.20,-1.00,esp
2026-04-22T02:51:14,14.20,-1.00,esp
2026-04-22T02:51:15,14.20,-1.00,esp
2026-04-22T02:51:16,14.20,-1.00,esp
2026-04-22T02:51:17,14.20,-1.00,esp
2026-04-22T02:51:18,14.20,-1.00,esp
2026-04-22T02:51:19,14.20,-1.00,esp
2026-04-22T02:51:20,14.20,-1.00,esp
2026-04-22T02:51:21,14.20,-1.00,esp
2026-04-22T02:51:22,14.20,-1.00,esp
2026-04-22T02:51:23,14.20,-1.00,esp
2026-04-22T02:51:24,14.20,-1.00,esp
2026-04-22T02:51:25,14.20,-1.00,esp
2026-04-22T02:51:26,14.20,-1.00,esp
2026-04-22T02:51:27,14.20,-1.00,esp
2026-04-22T02:51:28,14.20,-1.00,esp
2026-04-22T02:51:29,14.20,-1.00,esp
2026-04-22T02:51:30,14.20,-1.00,esp
2026-04-22T02:51:31,14.20,-1.00,esp
2026-04-22T02:51:32,14.20,-1.00,esp
2026-04-22T02:51:33,14.20,-1.00,esp
2026-04-22T02:51:34,14.20,-1.00,esp
2026-04-22T02:51:35,14.20,-1.00,esp
2026-04-22T02:51:36,14.20,-1.00,esp
2026-04-22T02:51:37,14.20,-1.00,esp
2026-04-22T02:51:38,14.20,-1.00,esp
2026-04-22T02:51:39,14.20,-1.00,esp
2026-04-22T02:51:40,14.20,-1.00,esp
2026-04-22T02:51:41,14.20,-1.00,esp
2026-04-22T02:51:42,14.20,-1.00,esp
2026-04-22T02:51:43,14.20,-1.00,esp
2026-04-22T02:51:44,14.20,-1.00,esp
2026-04-22T02:51:45,14.20,-1.00,esp
2026-04-22T02:51:46,14.20,-1.00,esp
2026-04-22T02:51:47,14.20,-1.00,esp
2026-04-22T02:51:48,14.20,-1.00,esp
2026-04-22T02:51:49,14.20,-1.00,esp
2026-04-22T02:51:50,14.20,-1.00,esp
2026-04-22T02:51:51,14.20,-1.00,esp
2026-04-22T02:51:52,14.20,-1.00,esp
2026-04-22T02:51:53,14.20,-1.00,esp
2026-04-22T02:51:54,14.20,-1.00,esp
2026-04-22T02:51:55,14.20,-1.00,esp
2026-04-22T02:51:56,14.20,-1.00,esp
2026-04-22T02:51:57,14.20,-1.00,esp
2026-04-22T02:51:58,14.20,-1.00,esp
2026-04-22T02:51:59,14.20,-1.00,esp
2026-04-22T02:52:00,14.20,-1.00,esp
2026-04-22T02:52:01,14.20,-1.00,esp
2026-04-22T02:52:02,14.20,-1.00,esp
2026-04-22T02:52:03,14.20,-1.00,esp
2026-04-22T02:52:04,14.20,-1.00,esp
2026-04-22T02:52:07,14.20,-1.00,esp
2026-04-22T02:52:07,14.20,-1.00,esp
2026-04-22T02:52:07,14.20,-1.00,esp
2026-04-22T02:52:08,14.20,-1.00,esp
2026-04-22T02:52:09,14.20,-1.00,esp
2026-04-22T02:52:10,14.20,-1.00,esp
2026-04-22T02:52:11,14.20,-1.00,esp
2026-04-22T02:52:12,14.20,-1.00,esp
2026-04-22T02:52:13,14.20,-1.00,esp
2026-04-22T02:52:14,14.20,-1.00,esp
2026-04-22T02:52:15,14.20,-1.00,esp
2026-04-22T02:52:16,14.20,-1.00,esp
2026-04-22T02:52:17,14.20,-1.00,esp
2026-04-22T02:52:18,14.20,-1.00,esp
2026-04-22T02:52:19,14.20,-1.00,esp
2026-04-22T02:52:20,14.20,-1.00,esp
2026-04-22T02:52:21,14.20,-1.00,esp
2026-04-22T02:52:22,14.20,-1.00,esp
2026-04-22T02:52:23,14.20,-1.00,esp
2026-04-22T02:52:24,14.20,-1.00,esp
2026-04-22T02:52:25,14.20,-1.00,esp
2026-04-22T02:52:26,14.20,-1.00,esp
2026-04-22T02:52:27,14.20,-1.00,esp
2026-04-22T02:52:28,14.20,-1.00,esp
2026-04-22T02:52:29,14.20,-1.00,esp
2026-04-22T02:52:30,14.20,-1.00,esp
2026-04-22T02:52:31,14.20,-1.00,esp
2026-04-22T02:52:32,14.20,-1.00,esp
2026-04-22T02:52:33,14.20,-1.00,esp
2026-04-22T02:52:34,14.20,-1.00,esp
2026-04-22T02:52:35,14.20,-1.00,esp
2026-04-22T02:52:36,14.20,-1.00,esp
2026-04-22T02:52:37,14.20,-1.00,esp
2026-04-22T02:52:38,14.20,-1.00,esp
2026-04-22T02:52:39,14.20,-1.00,esp
2026-04-22T02:52:40,14.20,-1.00,esp
2026-04-22T02:52:41,14.20,-1.00,esp
2026-04-22T02:52:42,14.20,-1.00,esp
2026-04-22T02:52:43,14.20,-1.00,esp
2026-04-22T02:52:44,14.20,-1.00,esp
2026-04-22T02:52:45,14.20,-1.00,esp
2026-04-22T02:52:46,14.20,-1.00,esp
2026-04-22T02:52:47,14.20,-1.00,esp
2026-04-22T02:52:48,14.20,-1.00,esp
2026-04-22T02:52:49,14.20,-1.00,esp
2026-04-22T02:52:50,14.20,-1.00,esp
2026-04-22T02:52:51,14.20,-1.00,esp
2026-04-22T02:52:52,14.20,-1.00,esp
2026-04-22T02:52:53,14.20,-1.00,esp
2026-04-22T02:52:54,14.20,-1.00,esp
2026-04-22T02:52:55,14.20,-1.00,esp
2026-04-22T02:52:56,14.20,-1.00,esp
2026-04-22T02:52:57,14.20,-1.00,esp
2026-04-22T02:52:58,14.20,-1.00,esp
2026-04-22T02:52:59,14.20,-1.00,esp
2026-04-22T02:53:00,14.20,-1.00,esp
2026-04-22T02:53:01,14.20,-1.00,esp
2026-04-22T02:53:02,14.20,-1.00,esp
2026-04-22T02:53:03,14.20,-1.00,esp
2026-04-22T02:53:04,14.20,-1.00,esp
2026-04-22T02:53:05,14.20,-1.00,esp
2026-04-22T02:53:06,14.20,-1.00,esp
2026-04-22T02:53:07,14.20,-1.00,esp
2026-04-22T02:53:08,14.20,-1.00,esp
2026-04-22T02:53:09,14.20,-1.00,esp
2026-04-22T02:53:10,14.20,-1.00,esp
2026-04-22T02:53:11,14.20,-1.00,esp
2026-04-22T02:53:12,14.20,-1.00,esp
2026-04-22T02:53:13,14.20,-1.00,esp
2026-04-22T02:53:14,14.20,-1.00,esp
2026-04-22T02:53:15,14.20,-1.00,esp
2026-04-22T02:53:16,14.20,-1.00,esp
2026-04-22T02:53:17,14.20,-1.00,esp
2026-04-22T02:53:18,14.20,-1.00,esp
2026-04-22T02:53:19,14.20,-1.00,esp
2026-04-22T02:53:20,14.20,-1.00,esp
2026-04-22T02:53:21,14.20,-1.00,esp
2026-04-22T02:53:22,14.20,-1.00,esp
2026-04-22T02:53:23,14.20,-1.00,esp
2026-04-22T02:53:24,14.20,-1.00,esp
2026-04-22T02:53:25,14.20,-1.00,esp
2026-04-22T02:53:26,14.20,-1.00,esp
2026-04-22T02:53:27,14.20,-1.00,esp
2026-04-22T02:53:28,14.20,-1.00,esp
2026-04-22T02:53:29,14.20,-1.00,esp
2026-04-22T02:53:30,14.20,-1.00,esp
2026-04-22T02:53:31,14.20,-1.00,esp
2026-04-22T02:53:32,14.20,-1.00,esp
2026-04-22T02:53:33,14.20,-1.00,esp
2026-04-22T02:53:34,14.20,-1.00,esp
2026-04-22T02:53:35,14.20,-1.00,esp
2026-04-22T02:53:36,14.20,-1.00,esp
2026-04-22T02:53:37,14.20,-1.00,esp
2026-04-22T02:53:38,14.20,-1.00,esp
2026-04-22T02:53:39,14.20,-1.00,esp
2026-04-22T02:53:40,14.20,-1.00,esp
2026-04-22T02:53:41,14.20,-1.00,esp
2026-04-22T02:53:42,14.20,-1.00,esp
2026-04-22T02:53:43,14.20,-1.00,esp
2026-04-22T02:53:44,14.20,-1.00,esp
2026-04-22T02:53:45,14.20,-1.00,esp
2026-04-22T02:53:46,14.20,-1.00,esp
2026-04-22T02:53:47,14.20,-1.00,esp
2026-04-22T02:53:48,14.20,-1.00,esp
2026-04-22T02:53:49,14.20,-1.00,esp
2026-04-22T02:53:50,14.20,-1.00,esp
2026-04-22T02:53:51,14.20,-1.00,esp
2026-04-22T02:53:52,14.20,-1.00,esp
2026-04-22T02:53:53,14.20,-1.00,esp
2026-04-22T02:53:54,14.20,-1.00,esp
2026-04-22T02:53:55,14.20,-1.00,esp
2026-04-22T02:53:56,14.20,-1.00,esp
2026-04-22T02:53:57,14.20,-1.00,esp
2026-04-22T02:53:58,14.20,-1.00,esp
2026-04-22T02:53:59,14.20,-1.00,esp
2026-04-22T02:54:00,14.20,-1.00,esp
2026-04-22T02:54:01,14.20,-1.00,esp
2026-04-22T02:54:02,14.20,-1.00,esp
2026-04-22T02:54:03,14.20,-1.00,esp
2026-04-22T02:54:04,14.20,-1.00,esp
2026-04-22T02:54:05,14.20,-1.00,esp
2026-04-22T02:54:06,14.20,-1.00,esp
2026-04-22T02:54:07,14.20,-1.00,esp
2026-04-22T02:54:08,14.20,-1.00,esp
2026-04-22T02:54:09,14.20,-1.00,esp
2026-04-22T02:54:10,14.20,-1.00,esp
2026-04-22T02:54:11,14.20,-1.00,esp
2026-04-22T02:54:12,14.20,-1.00,esp
2026-04-22T02:54:13,14.20,-1.00,esp
2026-04-22T02:54:14,14.20,-1.00,esp
2026-04-22T02:54:15,14.20,-1.00,esp
2026-04-22T02:54:16,14.20,-1.00,esp
2026-04-22T02:54:17,14.20,-1.00,esp
2026-04-22T02:54:18,14.20,-1.00,esp
2026-04-22T02:54:19,14.20,-1.00,esp
2026-04-22T02:54:20,14.20,-1.00,esp
2026-04-22T02:54:21,14.20,-1.00,esp
2026-04-22T02:54:22,14.20,-1.00,esp
2026-04-22T02:54:23,14.20,-1.00,esp
2026-04-22T02:54:24,14.20,-1.00,esp
2026-04-22T02:54:25,14.20,-1.00,esp
2026-04-22T02:54:26,14.20,-1.00,esp
2026-04-22T02:54:27,14.20,-1.00,esp
2026-04-22T02:54:28,14.20,-1.00,esp
2026-04-22T02:54:29,14.20,-1.00,esp
2026-04-22T02:54:30,14.20,-1.00,esp
2026-04-22T02:54:31,14.20,-1.00,esp
2026-04-22T02:54:32,14.20,-1.00,esp
2026-04-22T02:54:33,14.20,-1.00,esp
2026-04-22T02:54:34,14.20,-1.00,esp
2026-04-22T02:54:35,14.20,-1.00,esp
2026-04-22T02:54:36,14.20,-1.00,esp
2026-04-22T02:54:37,14.20,-1.00,esp
2026-04-22T02:54:38,14.20,-1.00,esp
2026-04-22T02:54:39,14.20,-1.00,esp
2026-04-22T02:54:40,14.20,-1.00,esp
2026-04-22T02:54:41,14.20,-1.00,esp
2026-04-22T02:54:42,14.20,-1.00,esp
2026-04-22T02:54:43,14.20,-1.00,esp
2026-04-22T02:54:44,14.20,-1.00,esp
2026-04-22T02:54:45,14.20,-1.00,esp
2026-04-22T02:54:46,14.20,-1.00,esp
2026-04-22T02:54:47,14.20,-1.00,esp
2026-04-22T02:54:48,14.20,-1.00,esp
2026-04-22T02:54:49,14.20,-1.00,esp
2026-04-22T02:54:50,14.20,-1.00,esp
2026-04-22T02:54:51,14.20,-1.00,esp
2026-04-22T02:54:52,14.20,-1.00,esp
2026-04-22T02:54:53,14.20,-1.00,esp
2026-04-22T02:54:54,14.20,-1.00,esp
2026-04-22T02:54:55,14.20,-1.00,esp
2026-04-22T02:54:56,14.20,-1.00,esp
2026-04-22T02:54:57,14.20,-1.00,esp
2026-04-22T02:54:58,14.20,-1.00,esp
2026-04-22T02:54:59,14.20,-1.00,esp
2026-04-22T02:55:00,14.20,-1.00,esp
2026-04-22T02:55:01,14.20,-1.00,esp
2026-04-22T02:55:02,14.20,-1.00,esp
2026-04-22T02:55:03,14.20,-1.00,esp
2026-04-22T02:55:04,14.20,-1.00,esp
2026-04-22T02:55:05,14.20,-1.00,esp
2026-04-22T02:55:06,14.20,-1.00,esp
2026-04-22T02:55:07,14.20,-1.00,esp
2026-04-22T02:55:08,14.20,-1.00,esp
2026-04-22T02:55:09,14.20,-1.00,esp
2026-04-22T02:55:10,14.20,-1.00,esp
2026-04-22T02:55:11,14.20,-1.00,esp
2026-04-22T02:55:12,14.20,-1.00,esp
2026-04-22T02:55:13,14.20,-1.00,esp
2026-04-22T02:55:14,14.20,-1.00,esp
2026-04-22T02:55:15,14.20,-1.00,esp
2026-04-22T02:55:16,14.20,-1.00,esp
2026-04-22T02:55:17,14.20,-1.00,esp
2026-04-22T02:55:18,14.20,-1.00,esp
2026-04-22T02:55:19,14.20,-1.00,esp
2026-04-22T02:55:20,14.20,-1.00,esp
2026-04-22T02:55:21,14.20,-1.00,esp
2026-04-22T02:55:22,14.20,-1.00,esp
2026-04-22T02:55:23,14.20,-1.00,esp
2026-04-22T02:55:24,14.20,-1.00,esp
2026-04-22T02:55:25,14.20,-1.00,esp
2026-04-22T02:55:26,14.20,-1.00,esp
2026-04-22T02:55:27,14.20,-1.00,esp
2026-04-22T02:55:28,14.20,-1.00,esp
2026-04-22T02:55:29,14.20,-1.00,esp
2026-04-22T02:55:30,14.20,-1.00,esp
2026-04-22T02:55:31,14.20,-1.00,esp
2026-04-22T02:55:32,14.20,-1.00,esp
2026-04-22T02:55:33,14.20,-1.00,esp
2026-04-22T02:55:34,14.20,-1.00,esp
2026-04-22T02:55:35,14.20,-1.00,esp
2026-04-22T02:55:36,14.20,-1.00,esp
2026-04-22T02:55:37,14.20,-1.00,esp
2026-04-22T02:55:38,14.20,-1.00,esp
2026-04-22T02:55:39,14.20,-1.00,esp
2026-04-22T02:55:40,14.20,-1.00,esp
2026-04-22T02:55:41,14.20,-1.00,esp
2026-04-22T02:55:42,14.20,-1.00,esp
2026-04-22T02:55:43,14.20,-1.00,esp
2026-04-22T02:55:44,14.20,-1.00,esp
2026-04-22T02:55:45,14.20,-1.00,esp
2026-04-22T02:55:46,14.20,-1.00,esp
2026-04-22T02:55:47,14.20,-1.00,esp
2026-04-22T02:55:48,14.20,-1.00,esp
2026-04-22T02:55:49,14.20,-1.00,esp
2026-04-22T02:55:50,14.20,-1.00,esp
2026-04-22T02:55:51,14.20,-1.00,esp
2026-04-22T02:55:52,14.20,-1.00,esp
2026-04-22T02:55:53,14.20,-1.00,esp
2026-04-22T02:55:54,14.20,-1.00,esp
2026-04-22T02:55:55,14.20,-1.00,esp
2026-04-22T02:55:56,14.20,-1.00,esp
2026-04-22T02:55:57,14.20,-1.00,esp
2026-04-22T02:55:58,14.20,-1.00,esp
2026-04-22T02:55:59,14.20,-1.00,esp
2026-04-22T02:56:00,14.20,-1.00,esp
2026-04-22T02:56:01,14.20,-1.00,esp
2026-04-22T02:56:02,14.20,-1.00,esp
2026-04-22T02:56:03,14.20,-1.00,esp
2026-04-22T02:56:04,14.20,-1.00,esp
2026-04-22T02:56:05,14.20,-1.00,esp
2026-04-22T02:56:06,14.20,-1.00,esp
2026-04-22T02:56:07,14.20,-1.00,esp
2026-04-22T02:56:08,14.20,-1.00,esp
2026-04-22T02:56:09,14.20,-1.00,esp
2026-04-22T02:56:10,14.20,-1.00,esp
2026-04-22T02:56:11,14.20,-1.00,esp
2026-04-22T02:56:12,14.20,-1.00,esp
2026-04-22T02:56:13,14.20,-1.00,esp
2026-04-22T02:56:14,14.20,-1.00,esp
2026-04-22T02:56:15,14.20,-1.00,esp
2026-04-22T02:56:16,14.20,-1.00,esp
2026-04-22T02:56:17,14.20,-1.00,esp
2026-04-22T02:56:18,14.20,-1.00,esp
2026-04-22T02:56:19,14.20,-1.00,esp
2026-04-22T02:56:20,14.20,-1.00,esp
2026-04-22T02:56:21,14.20,-1.00,esp
2026-04-22T02:56:22,14.20,-1.00,esp
2026-04-22T02:56:23,14.20,-1.00,esp
2026-04-22T02:56:24,14.20,-1.00,esp
2026-04-22T02:56:25,14.20,-1.00,esp
2026-04-22T02:56:26,14.20,-1.00,esp
2026-04-22T02:56:27,14.20,-1.00,esp
2026-04-22T02:56:28,14.20,-1.00,esp
2026-04-22T02:56:29,14.20,-1.00,esp
2026-04-22T02:56:30,14.20,-1.00,esp
2026-04-22T02:56:31,14.20,-1.00,esp
2026-04-22T02:56:32,14.20,-1.00,esp
2026-04-22T02:56:33,14.20,-1.00,esp
2026-04-22T02:56:34,14.20,-1.00,esp
2026-04-22T02:56:35,14.20,-1.00,esp
2026-04-22T02:56:36,14.20,-1.00,esp
2026-04-22T02:56:37,14.20,-1.00,esp
2026-04-22T02:56:38,14.20,-1.00,esp
2026-04-22T02:56:39,14.20,-1.00,esp
2026-04-22T02:56:40,14.20,-1.00,esp
2026-04-22T02:56:41,14.20,-1.00,esp
2026-04-22T02:56:42,14.20,-1.00,esp
2026-04-22T02:56:43,14.20,-1.00,esp
2026-04-22T02:56:44,14.20,-1.00,esp
2026-04-22T02:56:45,14.20,-1.00,esp
2026-04-22T02:56:46,14.20,-1.00,esp
2026-04-22T02:56:47,14.20,-1.00,esp
2026-04-22T02:56:49,14.20,-1.00,esp
2026-04-22T02:56:49,14.20,-1.00,esp
2026-04-22T02:56:50,14.20,-1.00,esp
2026-04-22T02:56:51,14.20,-1.00,esp
2026-04-22T02:56:52,14.20,-1.00,esp
2026-04-22T02:56:53,14.20,-1.00,esp
2026-04-22T02:56:54,14.20,-1.00,esp
2026-04-22T02:56:55,14.20,-1.00,esp
2026-04-22T02:56:56,14.20,-1.00,esp
2026-04-22T02:56:57,14.20,-1.00,esp
2026-04-22T02:56:58,14.20,-1.00,esp
2026-04-22T02:56:59,14.20,-1.00,esp
2026-04-22T02:57:00,14.20,-1.00,esp
2026-04-22T02:57:01,14.20,-1.00,esp
2026-04-22T02:57:02,14.20,-1.00,esp
2026-04-22T02:57:03,14.20,-1.00,esp
2026-04-22T02:57:04,14.20,-1.00,esp
2026-04-22T02:57:05,14.20,-1.00,esp
2026-04-22T02:57:06,14.20,-1.00,esp
2026-04-22T02:57:07,14.20,-1.00,esp
2026-04-22T02:57:08,14.20,-1.00,esp
2026-04-22T02:57:09,14.20,-1.00,esp
2026-04-22T02:57:10,14.20,-1.00,esp
2026-04-22T02:57:11,14.20,-1.00,esp
2026-04-22T02:57:12,14.20,-1.00,esp
2026-04-22T02:57:13,14.20,-1.00,esp
2026-04-22T02:57:14,14.20,-1.00,esp
2026-04-22T02:57:15,14.20,-1.00,esp
2026-04-22T02:57:16,14.20,-1.00,esp
2026-04-22T02:57:17,14.20,-1.00,esp
2026-04-22T02:57:18,14.20,-1.00,esp
2026-04-22T02:57:19,14.20,-1.00,esp
2026-04-22T02:57:20,14.20,-1.00,esp
2026-04-22T02:57:21,14.20,-1.00,esp
2026-04-22T02:57:22,14.20,-1.00,esp
2026-04-22T02:57:23,14.20,-1.00,esp
2026-04-22T02:57:24,14.20,-1.00,esp
2026-04-22T02:57:25,14.20,-1.00,esp
2026-04-22T02:57:26,14.20,-1.00,esp
2026-04-22T02:57:27,14.20,-1.00,esp
2026-04-22T02:57:28,14.20,-1.00,esp
2026-04-22T02:57:29,14.20,-1.00,esp
2026-04-22T02:57:30,14.20,-1.00,esp
2026-04-22T02:57:31,14.20,-1.00,esp
2026-04-22T02:57:32,14.20,-1.00,esp
2026-04-22T02:57:33,14.20,-1.00,esp
2026-04-22T02:57:34,14.20,-1.00,esp
2026-04-22T02:57:35,14.20,-1.00,esp
2026-04-22T02:57:36,14.20,-1.00,esp
2026-04-22T02:57:37,14.20,-1.00,esp
2026-04-22T02:57:38,14.20,-1.00,esp
2026-04-22T02:57:39,14.20,-1.00,esp
2026-04-22T02:57:40,14.20,-1.00,esp
2026-04-22T02:57:41,14.20,-1.00,esp
2026-04-22T02:57:42,14.20,-1.00,esp
2026-04-22T02:57:43,14.20,-1.00,esp
2026-04-22T02:57:44,14.20,-1.00,esp
2026-04-22T02:57:45,14.20,-1.00,esp
2026-04-22T02:57:46,14.20,-1.00,esp
2026-04-22T02:57:47,14.20,-1.00,esp
2026-04-22T02:57:48,14.20,-1.00,esp
2026-04-22T02:57:49,14.20,-1.00,esp
2026-04-22T02:57:50,14.20,-1.00,esp
2026-04-22T02:57:51,14.20,-1.00,esp
2026-04-22T02:57:52,14.20,-1.00,esp
2026-04-22T02:57:53,14.20,-1.00,esp
2026-04-22T02:57:54,14.20,-1.00,esp
2026-04-22T02:57:55,14.20,-1.00,esp
2026-04-22T02:57:56,14.20,-1.00,esp
2026-04-22T02:57:57,14.20,-1.00,esp
2026-04-22T02:57:58,14.20,-1.00,esp
2026-04-22T02:57:59,14.20,-1.00,esp
2026-04-22T02:58:00,14.20,-1.00,esp
2026-04-22T02:58:01,14.20,-1.00,esp
2026-04-22T02:58:02,14.20,-1.00,esp
2026-04-22T02:58:03,14.20,-1.00,esp
2026-04-22T02:58:04,14.20,-1.00,esp
2026-04-22T02:58:05,14.20,-1.00,esp
2026-04-22T02:58:06,14.20,-1.00,esp
2026-04-22T02:58:07,14.20,-1.00,esp
2026-04-22T02:58:08,14.20,-1.00,esp
2026-04-22T02:58:09,14.20,-1.00,esp
2026-04-22T02:58:10,14.20,-1.00,esp
2026-04-22T02:58:11,14.20,-1.00,esp
2026-04-22T02:58:12,14.20,-1.00,esp
2026-04-22T02:58:13,14.20,-1.00,esp
2026-04-22T02:58:14,14.20,-1.00,esp
2026-04-22T02:58:15,14.20,-1.00,esp
2026-04-22T02:58:16,14.20,-1.00,esp
2026-04-22T02:58:19,14.20,-1.00,esp
2026-04-22T02:58:19,14.20,-1.00,esp
2026-04-22T02:58:19,14.20,-1.00,esp
2026-04-22T02:58:20,14.20,-1.00,esp
2026-04-22T02:58:21,14.20,-1.00,esp
2026-04-22T02:58:22,14.20,-1.00,esp
2026-04-22T02:58:23,14.20,-1.00,esp
2026-04-22T02:58:24,14.20,-1.00,esp
2026-04-22T02:58:25,14.20,-1.00,esp
2026-04-22T02:58:26,14.20,-1.00,esp
2026-04-22T02:58:27,14.20,-1.00,esp
2026-04-22T02:58:28,14.20,-1.00,esp
2026-04-22T02:58:29,14.20,-1.00,esp
2026-04-22T02:58:30,14.20,-1.00,esp
2026-04-22T02:58:31,14.20,-1.00,esp
2026-04-22T02:58:32,14.20,-1.00,esp
2026-04-22T02:58:33,14.20,-1.00,esp
2026-04-22T02:58:34,14.20,-1.00,esp
2026-04-22T02:58:35,14.20,-1.00,esp
2026-04-22T02:58:36,14.20,-1.00,esp
2026-04-22T02:58:37,14.20,-1.00,esp
2026-04-22T02:58:38,14.20,-1.00,esp
2026-04-22T02:58:39,14.20,-1.00,esp
2026-04-22T02:58:40,14.20,-1.00,esp
2026-04-22T02:58:41,14.20,-1.00,esp
2026-04-22T02:58:42,14.20,-1.00,esp
2026-04-22T02:58:43,14.20,-1.00,esp
2026-04-22T02:58:44,14.20,-1.00,esp
2026-04-22T02:58:45,14.20,-1.00,esp
2026-04-22T02:58:46,14.20,-1.00,esp
2026-04-22T02:58:47,14.20,-1.00,esp
2026-04-22T02:58:48,14.20,-1.00,esp
2026-04-22T02:58:49,14.20,-1.00,esp
2026-04-22T02:58:50,14.20,-1.00,esp
2026-04-22T02:58:51,14.20,-1.00,esp
2026-04-22T02:58:52,14.20,-1.00,esp
2026-04-22T02:58:53,14.20,-1.00,esp
2026-04-22T02:58:54,14.20,-1.00,esp
2026-04-22T02:58:55,14.20,-1.00,esp
2026-04-22T02:58:56,14.20,-1.00,esp
2026-04-22T02:58:57,14.20,-1.00,esp
2026-04-22T02:58:58,14.20,-1.00,esp
2026-04-22T02:58:59,14.20,-1.00,esp
2026-04-22T02:59:00,14.20,-1.00,esp
2026-04-22T02:59:01,14.20,-1.00,esp
2026-04-22T02:59:02,14.20,-1.00,esp
2026-04-22T02:59:03,14.20,-1.00,esp
2026-04-22T02:59:04,14.20,-1.00,esp
2026-04-22T02:59:05,14.20,-1.00,esp
2026-04-22T02:59:06,14.20,-1.00,esp
2026-04-22T02:59:07,14.20,-1.00,esp
2026-04-22T02:59:08,14.20,-1.00,esp
2026-04-22T02:59:09,14.20,-1.00,esp
2026-04-22T02:59:10,14.20,-1.00,esp
2026-04-22T02:59:11,14.20,-1.00,esp
2026-04-22T02:59:12,14.20,-1.00,esp
2026-04-22T02:59:13,14.20,-1.00,esp
2026-04-22T02:59:14,14.20,-1.00,esp
2026-04-22T02:59:15,14.20,-1.00,esp
2026-04-22T02:59:16,14.20,-1.00,esp
2026-04-22T02:59:17,14.20,-1.00,esp
2026-04-22T02:59:22,14.20,-1.00,esp
2026-04-22T02:59:23,14.20,-1.00,esp
2026-04-22T02:59:24,14.20,-1.00,esp
2026-04-22T02:59:25,14.20,-1.00,esp
2026-04-22T02:59:26,14.20,-1.00,esp
2026-04-22T02:59:27,14.20,-1.00,esp
2026-04-22T02:59:28,14.20,-1.00,esp
2026-04-22T02:59:29,14.20,-1.00,esp
2026-04-22T02:59:30,14.20,-1.00,esp
2026-04-22T02:59:31,14.20,-1.00,esp
2026-04-22T02:59:32,14.20,-1.00,esp
2026-04-22T02:59:33,14.20,-1.00,esp
2026-04-22T02:59:34,14.20,-1.00,esp
2026-04-22T02:59:35,14.20,-1.00,esp
2026-04-22T02:59:36,14.20,-1.00,esp
2026-04-22T02:59:37,14.20,-1.00,esp
2026-04-22T04:01:07,14.20,-1.00,esp
2026-04-22T04:01:08,14.20,-1.00,esp
2026-04-22T04:01:09,14.20,-1.00,esp
2026-04-22T04:01:10,14.20,-1.00,esp
2026-04-22T04:01:11,14.20,-1.00,esp
2026-04-22T04:01:12,14.20,-1.00,esp
2026-04-22T04:01:13,14.20,-1.00,esp
2026-04-22T04:01:14,14.20,-1.00,esp
2026-04-22T04:01:15,14.20,-1.00,esp
2026-04-22T04:01:16,14.20,-1.00,esp
2026-04-22T04:01:17,14.20,-1.00,esp
2026-04-22T04:01:18,14.20,-1.00,esp
2026-04-22T04:01:19,14.20,-1.00,esp
2026-04-22T04:01:20,14.20,-1.00,esp
2026-04-22T04:01:21,14.20,-1.00,esp
2026-04-22T04:01:22,14.20,-1.00,esp
2026-04-22T04:01:23,14.20,-1.00,esp
2026-04-22T04:01:24,14.20,-1.00,esp
2026-04-22T04:01:25,14.20,-1.00,esp
2026-04-22T04:01:26,14.20,-1.00,esp
2026-04-22T04:01:27,14.20,-1.00,esp
2026-04-22T04:01:28,14.20,-1.00,esp
2026-04-22T04:01:29,14.20,-1.00,esp
2026-04-22T04:01:30,14.20,-1.00,esp
2026-04-22T04:01:31,14.20,-1.00,esp
2026-04-22T04:01:32,14.20,-1.00,esp
2026-04-22T04:01:33,14.20,-1.00,esp
2026-04-22T04:01:34,14.20,-1.00,esp
2026-04-22T04:01:35,14.20,-1.00,esp
2026-04-22T04:01:36,14.20,-1.00,esp
2026-04-22T04:01:37,14.20,-1.00,esp
2026-04-22T04:01:38,14.20,-1.00,esp
2026-04-22T04:01:39,14.20,-1.00,esp
2026-04-22T04:01:40,14.20,-1.00,esp
2026-04-22T04:01:41,14.20,-1.00,esp
2026-04-22T04:01:42,14.20,-1.00,esp
2026-04-22T04:01:43,14.20,-1.00,esp
2026-04-22T04:01:44,14.20,-1.00,esp
2026-04-22T04:01:45,14.20,-1.00,esp
2026-04-22T04:01:46,14.20,-1.00,esp
2026-04-22T04:01:47,14.20,-1.00,esp
2026-04-22T04:01:48,14.20,-1.00,esp
2026-04-22T04:01:49,14.20,-1.00,esp
2026-04-22T04:01:50,14.20,-1.00,esp
2026-04-22T04:01:51,14.20,-1.00,esp
2026-04-22T04:01:52,14.20,-1.00,esp
2026-04-22T04:01:53,14.20,-1.00,esp
2026-04-22T04:01:54,14.20,-1.00,esp
2026-04-22T04:01:55,14.20,-1.00,esp
2026-04-22T04:01:56,14.20,-1.00,esp
2026-04-22T04:01:57,14.20,-1.00,esp
2026-04-22T04:01:58,14.20,-1.00,esp
2026-04-22T04:01:59,14.20,-1.00,esp
2026-04-22T04:02:00,14.20,-1.00,esp
2026-04-22T04:02:01,14.20,-1.00,esp
2026-04-22T04:02:02,14.20,-1.00,esp
2026-04-22T04:02:03,14.20,-1.00,esp
2026-04-22T04:02:04,14.20,-1.00,esp
2026-04-22T04:02:05,14.20,-1.00,esp
2026-04-22T04:02:06,14.20,-1.00,esp
2026-04-22T04:02:07,14.20,-1.00,esp
2026-04-22T04:02:08,14.20,-1.00,esp
2026-04-22T04:02:09,14.20,-1.00,esp
2026-04-22T04:02:10,14.20,-1.00,esp
2026-04-22T04:02:11,14.20,-1.00,esp
2026-04-22T04:02:12,14.20,-1.00,esp
2026-04-22T04:02:13,14.20,-1.00,esp
2026-04-22T04:02:14,14.20,-1.00,esp
2026-04-22T04:02:15,14.20,-1.00,esp
2026-04-22T04:02:16,14.20,-1.00,esp
2026-04-22T04:02:17,14.20,-1.00,esp
2026-04-22T04:02:18,14.20,-1.00,esp
2026-04-22T04:02:19,14.20,-1.00,esp
2026-04-22T04:02:20,14.20,-1.00,esp
2026-04-22T04:02:21,14.20,-1.00,esp
2026-04-22T04:02:22,14.20,-1.00,esp
2026-04-22T04:02:23,14.20,-1.00,esp
2026-04-22T04:02:24,14.20,-1.00,esp
2026-04-22T04:02:25,14.20,-1.00,esp
2026-04-22T04:02:26,14.20,-1.00,esp
2026-04-22T04:02:27,14.20,-1.00,esp
2026-04-22T04:02:28,14.20,-1.00,esp
2026-04-22T04:02:29,14.20,-1.00,esp
2026-04-22T04:02:30,14.20,-1.00,esp
2026-04-22T04:02:31,14.20,-1.00,esp
2026-04-22T04:02:32,14.20,-1.00,esp
2026-04-22T04:02:33,14.20,-1.00,esp
2026-04-22T04:02:34,14.20,-1.00,esp
2026-04-22T04:02:35,14.20,-1.00,esp
2026-04-22T04:02:36,14.20,-1.00,esp
2026-04-22T04:02:37,14.20,-1.00,esp
2026-04-22T04:02:38,14.20,-1.00,esp
2026-04-22T04:02:39,14.20,-1.00,esp
2026-04-22T04:02:40,14.20,-1.00,esp
2026-04-22T04:02:41,14.20,-1.00,esp
2026-04-22T04:02:42,14.20,-1.00,esp
2026-04-22T04:02:43,14.20,-1.00,esp
2026-04-22T04:02:44,14.20,-1.00,esp
2026-04-22T04:02:45,14.20,-1.00,esp
2026-04-22T04:02:46,14.20,-1.00,esp
2026-04-22T04:02:47,14.20,-1.00,esp
2026-04-22T04:02:48,14.20,-1.00,esp
2026-04-22T04:02:49,14.20,-1.00,esp
2026-04-22T04:02:50,14.20,-1.00,esp
2026-04-22T04:02:51,14.20,-1.00,esp
2026-04-22T04:02:52,14.20,-1.00,esp
2026-04-22T04:02:53,14.20,-1.00,esp
2026-04-22T04:02:54,14.20,-1.00,esp
2026-04-22T04:02:55,14.20,-1.00,esp
2026-04-22T04:02:56,14.20,-1.00,esp
2026-04-22T04:02:57,14.20,-1.00,esp
2026-04-22T04:02:58,14.20,-1.00,esp
2026-04-22T04:02:59,14.20,-1.00,esp
2026-04-22T04:03:00,14.20,-1.00,esp
2026-04-22T04:03:01,14.20,-1.00,esp
2026-04-22T04:03:02,14.20,-1.00,esp
2026-04-22T04:03:03,14.20,-1.00,esp
2026-04-22T04:03:04,14.20,-1.00,esp
2026-04-22T04:03:05,14.20,-1.00,esp
2026-04-22T04:03:06,14.20,-1.00,esp
2026-04-22T04:03:07,14.20,-1.00,esp
2026-04-22T04:03:08,14.20,-1.00,esp
2026-04-22T04:03:09,14.20,-1.00,esp
2026-04-22T04:03:10,14.20,-1.00,esp
2026-04-22T04:03:11,14.20,-1.00,esp
2026-04-22T04:03:12,14.20,-1.00,esp
2026-04-22T04:03:13,14.20,-1.00,esp
2026-04-22T04:03:14,14.20,-1.00,esp
2026-04-22T04:03:15,14.20,-1.00,esp
2026-04-22T04:03:16,14.20,-1.00,esp
2026-04-22T04:03:17,14.20,-1.00,esp
2026-04-22T04:03:18,14.20,-1.00,esp
2026-04-22T04:03:19,14.20,-1.00,esp
2026-04-22T04:03:20,14.20,-1.00,esp
2026-04-22T04:03:21,14.20,-1.00,esp
2026-04-22T04:03:22,14.20,-1.00,esp
2026-04-22T04:03:23,14.20,-1.00,esp
2026-04-22T04:03:24,14.20,-1.00,esp
2026-04-22T04:03:25,14.20,-1.00,esp
2026-04-22T04:03:26,14.20,-1.00,esp
2026-04-22T04:03:27,14.20,-1.00,esp
2026-04-22T04:03:28,14.20,-1.00,esp
2026-04-22T04:03:29,14.20,-1.00,esp
2026-04-22T04:03:30,14.20,-1.00,esp
2026-04-22T04:03:31,14.20,-1.00,esp
2026-04-22T04:03:32,14.20,-1.00,esp
2026-04-22T04:03:33,14.20,-1.00,esp
2026-04-22T04:03:34,14.20,-1.00,esp
2026-04-22T04:03:35,14.20,-1.00,esp
2026-04-22T04:03:36,14.20,-1.00,esp
2026-04-22T04:03:37,14.20,-1.00,esp
2026-04-22T04:03:38,14.20,-1.00,esp
2026-04-22T04:03:39,14.20,-1.00,esp
2026-04-22T04:03:40,14.20,-1.00,esp
2026-04-22T04:03:41,14.20,-1.00,esp
2026-04-22T04:03:42,14.20,-1.00,esp
2026-04-22T04:03:43,14.20,-1.00,esp
2026-04-22T04:03:44,14.20,-1.00,esp
2026-04-22T04:03:45,14.20,-1.00,esp
2026-04-22T04:03:46,14.20,-1.00,esp
2026-04-22T04:03:47,14.20,-1.00,esp
2026-04-22T04:03:48,14.20,-1.00,esp
2026-04-22T04:03:49,14.20,-1.00,esp
2026-04-22T04:03:50,14.20,-1.00,esp
2026-04-22T04:03:51,14.20,-1.00,esp
2026-04-22T04:03:52,14.20,-1.00,esp
2026-04-22T04:03:53,14.20,-1.00,esp
2026-04-22T04:03:54,14.20,-1.00,esp
2026-04-22T04:03:55,14.20,-1.00,esp
2026-04-22T04:03:56,14.20,-1.00,esp
2026-04-22T04:03:57,14.20,-1.00,esp
2026-04-22T04:03:58,14.20,-1.00,esp
2026-04-22T04:03:59,14.20,-1.00,esp
2026-04-22T04:04:00,14.20,-1.00,esp
2026-04-22T04:04:01,14.20,-1.00,esp
2026-04-22T04:04:02,14.20,-1.00,esp
2026-04-22T04:04:03,14.20,-1.00,esp
2026-04-22T04:04:04,14.20,-1.00,esp
2026-04-22T04:04:05,14.20,-1.00,esp
2026-04-22T04:04:06,14.20,-1.00,esp
2026-04-22T04:04:07,14.20,-1.00,esp
2026-04-22T04:04:08,14.20,-1.00,esp
2026-04-22T04:04:09,14.20,-1.00,esp
2026-04-22T04:04:10,14.20,-1.00,esp
2026-04-22T04:04:11,14.20,-1.00,esp
2026-04-22T04:04:12,14.20,-1.00,esp
2026-04-22T04:04:13,14.20,-1.00,esp
2026-04-22T04:04:14,14.20,-1.00,esp
2026-04-22T04:04:15,14.20,-1.00,esp
2026-04-22T04:04:16,14.20,-1.00,esp
2026-04-22T04:04:17,14.20,-1.00,esp
2026-04-22T04:04:18,14.20,-1.00,esp
2026-04-22T04:04:19,14.20,-1.00,esp
2026-04-22T04:04:20,14.20,-1.00,esp
2026-04-22T04:04:21,14.20,-1.00,esp
2026-04-22T04:04:22,14.20,-1.00,esp
2026-04-22T04:04:23,14.20,-1.00,esp
2026-04-22T04:04:24,14.20,-1.00,esp
2026-04-22T04:04:25,14.20,-1.00,esp
2026-04-22T04:04:26,14.20,-1.00,esp
2026-04-22T04:04:27,14.20,-1.00,esp
2026-04-22T04:04:28,14.20,-1.00,esp
2026-04-22T04:04:29,14.20,-1.00,esp
2026-04-22T04:04:30,14.20,-1.00,esp
2026-04-22T04:04:31,14.20,-1.00,esp
2026-04-22T04:04:32,14.20,-1.00,esp
2026-04-22T04:04:33,14.20,-1.00,esp
2026-04-22T04:04:34,14.20,-1.00,esp
2026-04-22T04:04:35,14.20,-1.00,esp
2026-04-22T04:04:36,14.20,-1.00,esp
2026-04-22T04:04:37,14.20,-1.00,esp
2026-04-22T04:04:38,14.20,-1.00,esp
2026-04-22T04:04:39,14.20,-1.00,esp
2026-04-22T04:04:40,14.20,-1.00,esp
2026-04-22T04:04:41,14.20,-1.00,esp
2026-04-22T04:04:42,14.20,-1.00,esp
2026-04-22T04:04:43,14.20,-1.00,esp
2026-04-22T04:04:44,14.20,-1.00,esp
2026-04-22T04:04:45,14.20,-1.00,esp
2026-04-22T04:04:46,14.20,-1.00,esp
2026-04-22T04:04:47,14.20,-1.00,esp
2026-04-22T04:04:48,14.20,-1.00,esp
2026-04-22T04:04:49,14.20,-1.00,esp
2026-04-22T04:04:50,14.20,-1.00,esp
2026-04-22T04:04:51,14.20,-1.00,esp
2026-04-22T04:04:52,14.20,-1.00,esp
2026-04-22T04:04:53,14.20,-1.00,esp
2026-04-22T04:04:54,14.20,-1.00,esp
2026-04-22T04:04:55,14.20,-1.00,esp
2026-04-22T04:04:56,14.20,-1.00,esp
2026-04-22T04:04:57,14.20,-1.00,esp
2026-04-22T04:04:58,14.20,-1.00,esp
2026-04-22T04:04:59,14.20,-1.00,esp
2026-04-22T04:05:00,14.20,-1.00,esp
2026-04-22T04:05:01,14.20,-1.00,esp
2026-04-22T04:05:02,14.20,-1.00,esp
2026-04-22T04:05:03,14.20,-1.00,esp
2026-04-22T04:05:04,14.20,-1.00,esp
2026-04-22T04:05:05,14.20,-1.00,esp
2026-04-22T04:05:06,14.20,-1.00,esp
2026-04-22T04:05:07,14.20,-1.00,esp
2026-04-22T04:05:08,14.20,-1.00,esp
2026-04-22T04:05:09,14.20,-1.00,esp
2026-04-22T04:05:10,14.20,-1.00,esp
2026-04-22T04:05:11,14.20,-1.00,esp
2026-04-22T04:05:12,14.20,-1.00,esp
2026-04-22T04:05:13,14.20,-1.00,esp
2026-04-22T04:05:14,14.20,-1.00,esp
2026-04-22T04:05:15,14.20,-1.00,esp
2026-04-22T04:05:16,14.20,-1.00,esp
2026-04-22T04:05:17,14.20,-1.00,esp
2026-04-22T04:05:18,14.20,-1.00,esp
2026-04-22T04:05:19,14.20,-1.00,esp
2026-04-22T04:05:20,14.20,-1.00,esp
2026-04-22T04:05:21,14.20,-1.00,esp
2026-04-22T04:05:22,14.20,-1.00,esp
2026-04-22T04:05:23,14.20,-1.00,esp
2026-04-22T04:05:24,14.20,-1.00,esp
2026-04-22T04:05:25,14.20,-1.00,esp
2026-04-22T04:05:26,14.20,-1.00,esp
2026-04-22T04:05:27,14.20,-1.00,esp
2026-04-22T04:05:28,14.20,-1.00,esp
2026-04-22T04:05:29,14.20,-1.00,esp
2026-04-22T04:05:30,14.20,-1.00,esp
2026-04-22T04:05:31,14.20,-1.00,esp
2026-04-22T04:05:32,14.20,-1.00,esp
2026-04-22T04:05:33,14.20,-1.00,esp
2026-04-22T04:05:34,14.20,-1.00,esp
2026-04-22T04:05:35,14.20,-1.00,esp
2026-04-22T04:05:36,14.20,-1.00,esp
2026-04-22T04:05:37,14.20,-1.00,esp
2026-04-22T04:05:38,14.20,-1.00,esp
2026-04-22T04:05:39,14.20,-1.00,esp
2026-04-22T04:05:40,14.20,-1.00,esp
2026-04-22T04:05:41,14.20,-1.00,esp
2026-04-22T04:05:42,14.20,-1.00,esp
2026-04-22T04:05:43,14.20,-1.00,esp
2026-04-22T04:05:44,14.20,-1.00,esp
2026-04-22T04:05:45,14.20,-1.00,esp
2026-04-22T04:05:46,14.20,-1.00,esp
2026-04-22T04:05:47,14.20,-1.00,esp
2026-04-22T04:05:48,14.20,-1.00,esp
2026-04-22T04:05:49,14.20,-1.00,esp
2026-04-22T04:05:50,14.20,-1.00,esp
2026-04-22T04:05:51,14.20,-1.00,esp
2026-04-22T04:05:52,14.20,-1.00,esp
2026-04-22T04:05:53,14.20,-1.00,esp
2026-04-22T04:05:54,14.20,-1.00,esp
2026-04-22T04:05:55,14.20,-1.00,esp
2026-04-22T04:05:56,14.20,-1.00,esp
2026-04-22T04:05:57,14.20,-1.00,esp
2026-04-22T04:05:58,14.20,-1.00,esp
2026-04-22T04:05:59,14.20,-1.00,esp
2026-04-22T04:06:00,14.20,-1.00,esp
2026-04-22T04:06:01,14.20,-1.00,esp
2026-04-22T04:06:02,14.20,-1.00,esp
2026-04-22T04:06:03,14.20,-1.00,esp
2026-04-22T04:06:04,14.20,-1.00,esp
2026-04-22T04:06:05,14.20,-1.00,esp
2026-04-22T04:06:06,14.20,-1.00,esp
2026-04-22T04:06:07,14.20,-1.00,esp
2026-04-22T04:06:08,14.20,-1.00,esp
2026-04-22T04:06:09,14.20,-1.00,esp
2026-04-22T04:06:10,14.20,-1.00,esp
2026-04-22T04:06:11,14.20,-1.00,esp
2026-04-22T04:06:12,14.20,-1.00,esp
2026-04-22T04:06:13,14.20,-1.00,esp
2026-04-22T04:06:14,14.20,-1.00,esp
2026-04-22T04:06:15,14.20,-1.00,esp
2026-04-22T04:06:16,14.20,-1.00,esp
2026-04-22T04:06:17,14.20,-1.00,esp
2026-04-22T04:06:18,14.20,-1.00,esp
2026-04-22T04:06:19,14.20,-1.00,esp
2026-04-22T04:06:20,14.20,-1.00,esp
2026-04-22T04:06:21,14.20,-1.00,esp
2026-04-22T04:06:22,14.20,-1.00,esp
2026-04-22T04:06:23,14.20,-1.00,esp
2026-04-22T04:06:24,14.20,-1.00,esp
2026-04-22T04:06:25,14.20,-1.00,esp
2026-04-22T04:06:26,14.20,-1.00,esp
2026-04-22T04:06:27,14.20,-1.00,esp
2026-04-22T04:06:28,14.20,-1.00,esp
2026-04-22T04:06:29,14.20,-1.00,esp
2026-04-22T04:06:30,14.20,-1.00,esp
2026-04-22T04:06:31,14.20,-1.00,esp
2026-04-22T04:06:32,14.20,-1.00,esp
2026-04-22T04:06:33,14.20,-1.00,esp
2026-04-22T04:06:34,14.20,-1.00,esp
2026-04-22T04:06:35,14.20,-1.00,esp
2026-04-22T04:06:36,14.20,-1.00,esp
2026-04-22T04:06:37,14.20,-1.00,esp
2026-04-22T04:06:38,14.20,-1.00,esp
2026-04-22T04:06:39,14.20,-1.00,esp
2026-04-22T04:06:40,14.20,-1.00,esp
2026-04-22T04:06:41,14.20,-1.00,esp
2026-04-22T04:06:42,14.20,-1.00,esp
2026-04-22T04:06:43,14.20,-1.00,esp
2026-04-22T04:06:44,14.20,-1.00,esp
2026-04-22T04:06:45,14.20,-1.00,esp
2026-04-22T04:06:46,14.20,-1.00,esp
2026-04-22T04:06:47,14.20,-1.00,esp
2026-04-22T04:06:48,14.20,-1.00,esp
2026-04-22T04:06:49,14.20,-1.00,esp
2026-04-22T04:06:50,14.20,-1.00,esp
2026-04-22T04:06:51,14.20,-1.00,esp
2026-04-22T04:06:52,14.20,-1.00,esp
2026-04-22T04:06:53,14.20,-1.00,esp
2026-04-22T04:06:54,14.20,-1.00,esp
2026-04-22T04:06:55,14.20,-1.00,esp
2026-04-22T04:06:56,14.20,-1.00,esp
2026-04-22T04:06:57,14.20,-1.00,esp
2026-04-22T04:06:58,14.20,-1.00,esp
2026-04-22T04:06:59,14.20,-1.00,esp
2026-04-22T04:07:00,14.20,-1.00,esp
2026-04-22T04:07:01,14.20,-1.00,esp
2026-04-22T04:07:02,14.20,-1.00,esp
2026-04-22T04:07:03,14.20,-1.00,esp
2026-04-22T04:07:04,14.20,-1.00,esp
2026-04-22T04:07:05,14.20,-1.00,esp
2026-04-22T04:07:06,14.20,-1.00,esp
2026-04-22T04:07:07,14.20,-1.00,esp
2026-04-22T04:07:08,14.20,-1.00,esp
2026-04-22T04:07:09,14.20,-1.00,esp
2026-04-22T04:07:10,14.20,-1.00,esp
2026-04-22T04:07:11,14.20,-1.00,esp
2026-04-22T04:07:12,14.20,-1.00,esp
2026-04-22T04:07:13,14.20,-1.00,esp
2026-04-22T04:07:14,14.20,-1.00,esp
2026-04-22T04:07:15,14.20,-1.00,esp
2026-04-22T04:07:16,14.20,-1.00,esp
2026-04-22T04:07:17,14.20,-1.00,esp
2026-04-22T04:07:18,14.20,-1.00,esp
2026-04-22T04:07:19,14.20,-1.00,esp
2026-04-22T04:07:20,14.20,-1.00,esp
2026-04-22T04:07:21,14.20,-1.00,esp
2026-04-22T04:07:22,14.20,-1.00,esp
2026-04-22T04:07:23,14.20,-1.00,esp
2026-04-22T04:07:24,14.20,-1.00,esp
2026-04-22T04:07:25,14.20,-1.00,esp
2026-04-22T04:07:26,14.20,-1.00,esp
2026-04-22T04:07:27,14.20,-1.00,esp
2026-04-22T04:07:28,14.20,-1.00,esp
2026-04-22T04:07:29,14.20,-1.00,esp
2026-04-22T04:07:30,14.20,-1.00,esp
2026-04-22T04:07:31,14.20,-1.00,esp
2026-04-22T04:07:32,14.20,-1.00,esp
2026-04-22T04:07:33,14.20,-1.00,esp
2026-04-22T04:07:34,14.20,-1.00,esp
2026-04-22T04:07:35,14.20,-1.00,esp
2026-04-22T04:07:36,14.20,-1.00,esp
2026-04-22T04:07:37,14.20,-1.00,esp
2026-04-22T04:07:38,14.20,-1.00,esp
2026-04-22T04:07:39,14.20,-1.00,esp
2026-04-22T04:07:40,14.20,-1.00,esp
2026-04-22T04:07:41,14.20,-1.00,esp
2026-04-22T04:07:42,14.20,-1.00,esp
2026-04-22T04:07:43,14.20,-1.00,esp
2026-04-22T04:07:44,14.20,-1.00,esp
2026-04-22T04:07:45,14.20,-1.00,esp
2026-04-22T04:07:46,14.20,-1.00,esp
2026-04-22T04:07:47,14.20,-1.00,esp
2026-04-22T04:07:48,14.20,-1.00,esp
2026-04-22T04:07:49,14.20,-1.00,esp
2026-04-22T04:07:50,14.20,-1.00,esp
2026-04-22T04:07:51,14.20,-1.00,esp
2026-04-22T04:07:52,14.20,-1.00,esp
2026-04-22T04:07:53,14.20,-1.00,esp
2026-04-22T04:07:54,14.20,-1.00,esp
2026-04-22T04:07:55,14.20,-1.00,esp
2026-04-22T04:07:56,14.20,-1.00,esp
2026-04-22T04:07:57,14.20,-1.00,esp
2026-04-22T04:07:58,14.20,-1.00,esp
2026-04-22T04:07:59,14.20,-1.00,esp
2026-04-22T04:08:00,14.20,-1.00,esp
2026-04-22T04:08:01,14.20,-1.00,esp
2026-04-22T04:08:02,14.20,-1.00,esp
2026-04-22T04:08:03,14.20,-1.00,esp
2026-04-22T04:08:04,14.20,-1.00,esp
2026-04-22T04:08:05,14.20,-1.00,esp
2026-04-22T04:08:06,14.20,-1.00,esp
2026-04-22T04:08:07,14.20,-1.00,esp
2026-04-22T04:08:08,14.20,-1.00,esp
2026-04-22T04:08:09,14.20,-1.00,esp
2026-04-22T04:08:10,14.20,-1.00,esp
2026-04-22T04:08:11,14.20,-1.00,esp
2026-04-22T04:08:12,14.20,-1.00,esp
2026-04-22T04:08:13,14.20,-1.00,esp
2026-04-22T04:08:14,14.20,-1.00,esp
2026-04-22T04:08:15,14.20,-1.00,esp
2026-04-22T04:08:16,14.20,-1.00,esp
2026-04-22T04:08:17,14.20,-1.00,esp
2026-04-22T04:08:18,14.20,-1.00,esp
2026-04-22T04:08:19,14.20,-1.00,esp
2026-04-22T04:08:20,14.20,-1.00,esp
2026-04-22T04:08:21,14.20,-1.00,esp
2026-04-22T04:08:22,14.20,-1.00,esp
2026-04-22T04:08:23,14.20,-1.00,esp
2026-04-22T04:08:24,14.20,-1.00,esp
2026-04-22T04:08:25,14.20,-1.00,esp
2026-04-22T04:08:26,14.20,-1.00,esp
2026-04-22T04:08:27,14.20,-1.00,esp
2026-04-22T04:08:28,14.20,-1.00,esp
2026-04-22T04:08:29,14.20,-1.00,esp
2026-04-22T04:08:30,14.20,-1.00,esp
2026-04-22T04:08:31,14.20,-1.00,esp
2026-04-22T04:08:32,14.20,-1.00,esp
2026-04-22T04:08:33,14.20,-1.00,esp
2026-04-22T04:08:34,14.20,-1.00,esp
2026-04-22T04:08:35,14.20,-1.00,esp
2026-04-22T04:08:36,14.20,-1.00,esp
2026-04-22T04:08:37,14.20,-1.00,esp
2026-04-22T04:08:38,14.20,-1.00,esp
2026-04-22T04:08:39,14.20,-1.00,esp
2026-04-22T04:08:40,14.20,-1.00,esp
2026-04-22T04:08:41,14.20,-1.00,esp
2026-04-22T04:08:42,14.20,-1.00,esp
2026-04-22T04:08:43,14.20,-1.00,esp
2026-04-22T04:08:44,14.20,-1.00,esp
2026-04-22T04:08:45,14.20,-1.00,esp
2026-04-22T04:08:46,14.20,-1.00,esp
2026-04-22T04:08:47,14.20,-1.00,esp
2026-04-22T04:08:48,14.20,-1.00,esp
2026-04-22T04:08:49,14.20,-1.00,esp
2026-04-22T04:08:50,14.20,-1.00,esp
2026-04-22T04:08:51,14.20,-1.00,esp
2026-04-22T04:08:52,14.20,-1.00,esp
2026-04-22T04:08:53,14.20,-1.00,esp
2026-04-22T04:08:54,14.20,-1.00,esp
2026-04-22T04:08:55,14.20,-1.00,esp
2026-04-22T04:08:56,14.20,-1.00,esp
2026-04-22T04:08:57,14.20,-1.00,esp
2026-04-22T04:08:58,14.20,-1.00,esp
2026-04-22T04:08:59,14.20,-1.00,esp
2026-04-22T04:09:00,14.20,-1.00,esp
2026-04-22T04:09:01,14.20,-1.00,esp
2026-04-22T04:09:02,14.20,-1.00,esp
2026-04-22T04:09:03,14.20,-1.00,esp
2026-04-22T04:09:04,14.20,-1.00,esp
2026-04-22T04:09:05,14.20,-1.00,esp
2026-04-22T04:09:06,14.20,-1.00,esp
2026-04-22T04:09:07,14.20,-1.00,esp
2026-04-22T04:09:08,14.20,-1.00,esp
2026-04-22T04:09:09,14.20,-1.00,esp
2026-04-22T04:09:10,14.20,-1.00,esp
2026-04-22T04:09:11,14.20,-1.00,esp
2026-04-22T04:09:12,14.20,-1.00,esp
2026-04-22T04:09:13,14.20,-1.00,esp
2026-04-22T04:09:14,14.20,-1.00,esp
2026-04-22T04:09:15,14.20,-1.00,esp
2026-04-22T04:09:16,14.20,-1.00,esp
2026-04-22T04:09:17,14.20,-1.00,esp
2026-04-22T04:09:18,14.20,-1.00,esp
2026-04-22T04:09:19,14.20,-1.00,esp
2026-04-22T04:09:20,14.20,-1.00,esp
2026-04-22T04:09:21,14.20,-1.00,esp
2026-04-22T04:09:22,14.20,-1.00,esp
2026-04-22T04:09:23,14.20,-1.00,esp
2026-04-22T04:09:24,14.20,-1.00,esp
2026-04-22T04:09:25,14.20,-1.00,esp
2026-04-22T04:09:26,14.20,-1.00,esp
2026-04-22T04:09:27,14.20,-1.00,esp
2026-04-22T04:09:28,14.20,-1.00,esp
2026-04-22T04:09:29,14.20,-1.00,esp
2026-04-22T04:09:30,14.20,-1.00,esp
2026-04-22T04:09:31,14.20,-1.00,esp
2026-04-22T04:09:32,14.20,-1.00,esp
2026-04-22T04:09:33,14.20,-1.00,esp
2026-04-22T04:09:34,14.20,-1.00,esp
2026-04-22T04:09:35,14.20,-1.00,esp
2026-04-22T04:09:36,14.20,-1.00,esp
2026-04-22T04:09:37,14.20,-1.00,esp
2026-04-22T04:09:38,14.20,-1.00,esp
2026-04-22T04:09:39,14.20,-1.00,esp
2026-04-22T04:09:40,14.20,-1.00,esp
2026-04-22T04:09:41,14.20,-1.00,esp
2026-04-22T04:09:42,14.20,-1.00,esp
2026-04-22T04:09:43,14.20,-1.00,esp
2026-04-22T04:09:44,14.20,-1.00,esp
2026-04-22T04:09:45,14.20,-1.00,esp
2026-04-22T04:09:46,14.20,-1.00,esp
2026-04-22T04:09:47,14.20,-1.00,esp
2026-04-22T04:09:48,14.20,-1.00,esp
2026-04-22T04:09:49,14.20,-1.00,esp
2026-04-22T04:09:50,14.20,-1.00,esp
2026-04-22T04:09:51,14.20,-1.00,esp
2026-04-22T04:09:52,14.20,-1.00,esp
2026-04-22T04:09:53,14.20,-1.00,esp
2026-04-22T04:09:54,14.20,-1.00,esp
2026-04-22T04:09:55,14.20,-1.00,esp
2026-04-22T04:09:56,14.20,-1.00,esp
2026-04-22T04:09:57,14.20,-1.00,esp
2026-04-22T04:09:58,14.20,-1.00,esp
2026-04-22T04:09:59,14.20,-1.00,esp
2026-04-22T04:10:00,14.20,-1.00,esp
2026-04-22T04:10:01,14.20,-1.00,esp
2026-04-22T04:10:02,14.20,-1.00,esp
2026-04-22T04:10:03,14.20,-1.00,esp
2026-04-22T04:10:04,14.20,-1.00,esp
2026-04-22T04:10:05,14.20,-1.00,esp
2026-04-22T04:10:06,14.20,-1.00,esp
2026-04-22T04:10:07,14.20,-1.00,esp
2026-04-22T04:10:08,14.20,-1.00,esp
2026-04-22T04:10:09,14.20,-1.00,esp
2026-04-22T04:10:10,14.20,-1.00,esp
2026-04-22T04:10:11,14.20,-1.00,esp
2026-04-22T04:10:12,14.20,-1.00,esp
2026-04-22T04:10:13,14.20,-1.00,esp
2026-04-22T04:10:14,14.20,-1.00,esp
2026-04-22T04:10:15,14.20,-1.00,esp
2026-04-22T04:10:16,22.70,-1.00,esp
2026-04-22T04:10:17,14.20,-1.00,esp
2026-04-22T04:10:18,14.20,-1.00,esp
